Indicator,Group,State,Subgroup,Week,Week Label,Value,Low CI,High CI,Confidence Interval,Quartile range,Weeknum
Symptoms of Anxiety Disorder or Depressive Disorder,By State,Alabama,Alabama,1,4/23/2020,30.3,24.8,36.2,24.8 - 36.2,25.6 - 33.3,17
Symptoms of Anxiety Disorder or Depressive Disorder,By State,Alaska,Alaska,1,4/23/2020,31.5,28.8,34.4,28.8 - 34.4,25.6 - 33.3,17
Symptoms of Anxiety Disorder or Depressive Disorder,By State,Arizona,Arizona,1,4/23/2020,36.4,32.3,40.7,32.3 - 40.7,34.8 - 36.7,17
Symptoms of Anxiety Disorder or Depressive Disorder,By State,Arkansas,Arkansas,1,4/23/2020,38.0,33.1,43.1,33.1 - 43.1,36.8 - 41.4,17
Symptoms of Anxiety Disorder or Depressive Disorder,By State,California,California,1,4/23/2020,37.4,34.2,40.6,34.2 - 40.6,36.8 - 41.4,17
Symptoms of Anxiety Disorder or Depressive Disorder,By State,Colorado,Colorado,1,4/23/2020,35.9,32.3,39.7,32.3 - 39.7,34.8 - 36.7,17
Symptoms of Anxiety Disorder or Depressive Disorder,By State,Connecticut,Connecticut,1,4/23/2020,40.2,35.3,45.3,35.3 - 45.3,36.8 - 41.4,17
Symptoms of Anxiety Disorder or Depressive Disorder,By State,Delaware,Delaware,1,4/23/2020,34.7,30.4,39.3,30.4 - 39.3,33.4 - 34.7,17
Symptoms of Anxiety Disorder or Depressive Disorder,By State,District of Columbia,District of Columbia,1,4/23/2020,37.6,34.1,41.3,34.1 - 41.3,36.8 - 41.4,17
Symptoms of Anxiety Disorder or Depressive Disorder,By State,Florida,Florida,1,4/23/2020,36.8,33.9,39.8,33.9 - 39.8,36.8 - 41.4,17
Symptoms of Anxiety Disorder or Depressive Disorder,By State,Georgia,Georgia,1,4/23/2020,36.2,31.8,40.7,31.8 - 40.7,34.8 - 36.7,17
Symptoms of Anxiety Disorder or Depressive Disorder,By State,Hawaii,Hawaii,1,4/23/2020,37.0,31.4,42.9,31.4 - 42.9,36.8 - 41.4,17
Symptoms of Anxiety Disorder or Depressive Disorder,By State,Idaho,Idaho,1,4/23/2020,33.3,29.9,36.8,29.9 - 36.8,25.6 - 33.3,17
Symptoms of Anxiety Disorder or Depressive Disorder,By State,Illinois,Illinois,1,4/23/2020,36.6,32.7,40.7,32.7 - 40.7,34.8 - 36.7,17
Symptoms of Anxiety Disorder or Depressive Disorder,By State,Indiana,Indiana,1,4/23/2020,37.8,33.5,42.4,33.5 - 42.4,36.8 - 41.4,17
Symptoms of Anxiety Disorder or Depressive Disorder,By State,Iowa,Iowa,1,4/23/2020,28.2,24.6,32.1,24.6 - 32.1,25.6 - 33.3,17
Symptoms of Anxiety Disorder or Depressive Disorder,By State,Kansas,Kansas,1,4/23/2020,32.5,28.4,36.9,28.4 - 36.9,25.6 - 33.3,17
Symptoms of Anxiety Disorder or Depressive Disorder,By State,Kentucky,Kentucky,1,4/23/2020,36.4,32.5,40.4,32.5 - 40.4,34.8 - 36.7,17
Symptoms of Anxiety Disorder or Depressive Disorder,By State,Louisiana,Louisiana,1,4/23/2020,38.9,34.3,43.7,34.3 - 43.7,36.8 - 41.4,17
Symptoms of Anxiety Disorder or Depressive Disorder,By State,Maine,Maine,1,4/23/2020,34.3,30.6,38.1,30.6 - 38.1,33.4 - 34.7,17
Symptoms of Anxiety Disorder or Depressive Disorder,By State,Maryland,Maryland,1,4/23/2020,32.9,29.3,36.6,29.3 - 36.6,25.6 - 33.3,17
Symptoms of Anxiety Disorder or Depressive Disorder,By State,Massachusetts,Massachusetts,1,4/23/2020,40.6,36.9,44.4,36.9 - 44.4,36.8 - 41.4,17
Symptoms of Anxiety Disorder or Depressive Disorder,By State,Michigan,Michigan,1,4/23/2020,39.4,35.8,43.1,35.8 - 43.1,36.8 - 41.4,17
Symptoms of Anxiety Disorder or Depressive Disorder,By State,Minnesota,Minnesota,1,4/23/2020,32.4,29.1,35.9,29.1 - 35.9,25.6 - 33.3,17
Symptoms of Anxiety Disorder or Depressive Disorder,By State,Mississippi,Mississippi,1,4/23/2020,34.5,28.8,40.5,28.8 - 40.5,33.4 - 34.7,17
Symptoms of Anxiety Disorder or Depressive Disorder,By State,Missouri,Missouri,1,4/23/2020,35.2,30.2,40.4,30.2 - 40.4,34.8 - 36.7,17
Symptoms of Anxiety Disorder or Depressive Disorder,By State,Montana,Montana,1,4/23/2020,27.3,23.5,31.4,23.5 - 31.4,25.6 - 33.3,17
Symptoms of Anxiety Disorder or Depressive Disorder,By State,Nebraska,Nebraska,1,4/23/2020,28.6,24.9,32.7,24.9 - 32.7,25.6 - 33.3,17
Symptoms of Anxiety Disorder or Depressive Disorder,By State,Nevada,Nevada,1,4/23/2020,34.8,30.4,39.4,30.4 - 39.4,34.8 - 36.7,17
Symptoms of Anxiety Disorder or Depressive Disorder,By State,New Hampshire,New Hampshire,1,4/23/2020,34.8,30.6,39.2,30.6 - 39.2,34.8 - 36.7,17
Symptoms of Anxiety Disorder or Depressive Disorder,By State,New Jersey,New Jersey,1,4/23/2020,37.6,34.2,41.1,34.2 - 41.1,36.8 - 41.4,17
Symptoms of Anxiety Disorder or Depressive Disorder,By State,New Mexico,New Mexico,1,4/23/2020,34.6,29.9,39.7,29.9 - 39.7,33.4 - 34.7,17
Symptoms of Anxiety Disorder or Depressive Disorder,By State,New York,New York,1,4/23/2020,41.4,36.7,46.1,36.7 - 46.1,36.8 - 41.4,17
Symptoms of Anxiety Disorder or Depressive Disorder,By State,North Carolina,North Carolina,1,4/23/2020,34.6,29.4,40.1,29.4 - 40.1,33.4 - 34.7,17
Symptoms of Anxiety Disorder or Depressive Disorder,By State,North Dakota,North Dakota,1,4/23/2020,27.7,23.8,31.9,23.8 - 31.9,25.6 - 33.3,17
Symptoms of Anxiety Disorder or Depressive Disorder,By State,Ohio,Ohio,1,4/23/2020,35.1,31.7,38.7,31.7 - 38.7,34.8 - 36.7,17
Symptoms of Anxiety Disorder or Depressive Disorder,By State,Oklahoma,Oklahoma,1,4/23/2020,34.1,29.6,38.8,29.6 - 38.8,33.4 - 34.7,17
Symptoms of Anxiety Disorder or Depressive Disorder,By State,Oregon,Oregon,1,4/23/2020,36.8,33.2,40.6,33.2 - 40.6,36.8 - 41.4,17
Symptoms of Anxiety Disorder or Depressive Disorder,By State,Pennsylvania,Pennsylvania,1,4/23/2020,35.1,31.7,38.7,31.7 - 38.7,34.8 - 36.7,17
Symptoms of Anxiety Disorder or Depressive Disorder,By State,Rhode Island,Rhode Island,1,4/23/2020,34.4,29.9,39.1,29.9 - 39.1,33.4 - 34.7,17
Symptoms of Anxiety Disorder or Depressive Disorder,By State,South Carolina,South Carolina,1,4/23/2020,33.3,29.4,37.4,29.4 - 37.4,25.6 - 33.3,17
Symptoms of Anxiety Disorder or Depressive Disorder,By State,South Dakota,South Dakota,1,4/23/2020,25.6,20.5,31.1,20.5 - 31.1,25.6 - 33.3,17
Symptoms of Anxiety Disorder or Depressive Disorder,By State,Tennessee,Tennessee,1,4/23/2020,33.4,28.0,39.3,28.0 - 39.3,33.4 - 34.7,17
Symptoms of Anxiety Disorder or Depressive Disorder,By State,Texas,Texas,1,4/23/2020,34.9,30.8,39.2,30.8 - 39.2,34.8 - 36.7,17
Symptoms of Anxiety Disorder or Depressive Disorder,By State,Utah,Utah,1,4/23/2020,34.7,31.1,38.4,31.1 - 38.4,33.4 - 34.7,17
Symptoms of Anxiety Disorder or Depressive Disorder,By State,Vermont,Vermont,1,4/23/2020,33.9,28.5,39.6,28.5 - 39.6,33.4 - 34.7,17
Symptoms of Anxiety Disorder or Depressive Disorder,By State,Virginia,Virginia,1,4/23/2020,33.7,30.3,37.2,30.3 - 37.2,33.4 - 34.7,17
Symptoms of Anxiety Disorder or Depressive Disorder,By State,Washington,Washington,1,4/23/2020,35.0,32.2,37.8,32.2 - 37.8,34.8 - 36.7,17
Symptoms of Anxiety Disorder or Depressive Disorder,By State,West Virginia,West Virginia,1,4/23/2020,34.3,29.5,39.3,29.5 - 39.3,33.4 - 34.7,17
Symptoms of Anxiety Disorder or Depressive Disorder,By State,Wisconsin,Wisconsin,1,4/23/2020,31.1,28.1,34.3,28.1 - 34.3,25.6 - 33.3,17
Symptoms of Anxiety Disorder or Depressive Disorder,By State,Wyoming,Wyoming,1,4/23/2020,31.0,26.4,35.8,26.4 - 35.8,25.6 - 33.3,17
Symptoms of Anxiety Disorder or Depressive Disorder,By State,Alabama,Alabama,2,5/7/2020,30.6,24.1,37.7,24.1 - 37.7,30.6 - 33.4,19
Symptoms of Anxiety Disorder or Depressive Disorder,By State,Alaska,Alaska,2,5/7/2020,35.7,30.9,40.8,30.9 - 40.8,33.5 - 36.0,19
Symptoms of Anxiety Disorder or Depressive Disorder,By State,Arizona,Arizona,2,5/7/2020,38.4,32.6,44.6,32.6 - 44.6,36.1 - 48.4,19
Symptoms of Anxiety Disorder or Depressive Disorder,By State,Arkansas,Arkansas,2,5/7/2020,33.0,27.2,39.4,27.2 - 39.4,30.6 - 33.4,19
Symptoms of Anxiety Disorder or Depressive Disorder,By State,California,California,2,5/7/2020,34.4,30.4,38.6,30.4 - 38.6,33.5 - 36.0,19
Symptoms of Anxiety Disorder or Depressive Disorder,By State,Colorado,Colorado,2,5/7/2020,32.2,25.7,39.2,25.7 - 39.2,30.6 - 33.4,19
Symptoms of Anxiety Disorder or Depressive Disorder,By State,Connecticut,Connecticut,2,5/7/2020,36.0,28.8,43.6,28.8 - 43.6,33.5 - 36.0,19
Symptoms of Anxiety Disorder or Depressive Disorder,By State,Delaware,Delaware,2,5/7/2020,31.6,26.1,37.5,26.1 - 37.5,30.6 - 33.4,19
Symptoms of Anxiety Disorder or Depressive Disorder,By State,District of Columbia,District of Columbia,2,5/7/2020,40.6,32.9,48.7,32.9 - 48.7,36.1 - 48.4,19
Symptoms of Anxiety Disorder or Depressive Disorder,By State,Florida,Florida,2,5/7/2020,33.6,28.5,39.1,28.5 - 39.1,33.5 - 36.0,19
Symptoms of Anxiety Disorder or Depressive Disorder,By State,Georgia,Georgia,2,5/7/2020,34.3,28.2,40.8,28.2 - 40.8,33.5 - 36.0,19
Symptoms of Anxiety Disorder or Depressive Disorder,By State,Hawaii,Hawaii,2,5/7/2020,27.1,21.7,33.2,21.7 - 33.2,26.1 - 30.5,19
Symptoms of Anxiety Disorder or Depressive Disorder,By State,Idaho,Idaho,2,5/7/2020,29.2,24.0,34.9,24.0 - 34.9,26.1 - 30.5,19
Symptoms of Anxiety Disorder or Depressive Disorder,By State,Illinois,Illinois,2,5/7/2020,41.8,37.7,46.0,37.7 - 46.0,36.1 - 48.4,19
Symptoms of Anxiety Disorder or Depressive Disorder,By State,Indiana,Indiana,2,5/7/2020,34.9,29.4,40.8,29.4 - 40.8,33.5 - 36.0,19
Symptoms of Anxiety Disorder or Depressive Disorder,By State,Iowa,Iowa,2,5/7/2020,26.1,20.2,32.8,20.2 - 32.8,26.1 - 30.5,19
Symptoms of Anxiety Disorder or Depressive Disorder,By State,Kansas,Kansas,2,5/7/2020,28.0,22.5,34.1,22.5 - 34.1,26.1 - 30.5,19
Symptoms of Anxiety Disorder or Depressive Disorder,By State,Kentucky,Kentucky,2,5/7/2020,37.7,31.0,44.7,31.0 - 44.7,36.1 - 48.4,19
Symptoms of Anxiety Disorder or Depressive Disorder,By State,Louisiana,Louisiana,2,5/7/2020,42.8,36.3,49.5,36.3 - 49.5,36.1 - 48.4,19
Symptoms of Anxiety Disorder or Depressive Disorder,By State,Maine,Maine,2,5/7/2020,32.9,26.6,39.6,26.6 - 39.6,30.6 - 33.4,19
Symptoms of Anxiety Disorder or Depressive Disorder,By State,Maryland,Maryland,2,5/7/2020,34.6,28.4,41.3,28.4 - 41.3,33.5 - 36.0,19
Symptoms of Anxiety Disorder or Depressive Disorder,By State,Massachusetts,Massachusetts,2,5/7/2020,31.0,26.5,35.8,26.5 - 35.8,30.6 - 33.4,19
Symptoms of Anxiety Disorder or Depressive Disorder,By State,Michigan,Michigan,2,5/7/2020,33.4,28.4,38.7,28.4 - 38.7,30.6 - 33.4,19
Symptoms of Anxiety Disorder or Depressive Disorder,By State,Minnesota,Minnesota,2,5/7/2020,27.2,22.2,32.6,22.2 - 32.6,26.1 - 30.5,19
Symptoms of Anxiety Disorder or Depressive Disorder,By State,Mississippi,Mississippi,2,5/7/2020,48.4,40.3,56.6,40.3 - 56.6,36.1 - 48.4,19
Symptoms of Anxiety Disorder or Depressive Disorder,By State,Missouri,Missouri,2,5/7/2020,41.3,35.5,47.3,35.5 - 47.3,36.1 - 48.4,19
Symptoms of Anxiety Disorder or Depressive Disorder,By State,Montana,Montana,2,5/7/2020,27.6,20.7,35.4,20.7 - 35.4,26.1 - 30.5,19
Symptoms of Anxiety Disorder or Depressive Disorder,By State,Nebraska,Nebraska,2,5/7/2020,33.4,27.2,40.0,27.2 - 40.0,30.6 - 33.4,19
Symptoms of Anxiety Disorder or Depressive Disorder,By State,Nevada,Nevada,2,5/7/2020,38.1,32.7,43.8,32.7 - 43.8,36.1 - 48.4,19
Symptoms of Anxiety Disorder or Depressive Disorder,By State,New Hampshire,New Hampshire,2,5/7/2020,35.0,30.0,40.2,30.0 - 40.2,33.5 - 36.0,19
Symptoms of Anxiety Disorder or Depressive Disorder,By State,New Jersey,New Jersey,2,5/7/2020,39.6,32.9,46.7,32.9 - 46.7,36.1 - 48.4,19
Symptoms of Anxiety Disorder or Depressive Disorder,By State,New Mexico,New Mexico,2,5/7/2020,39.8,31.8,48.2,31.8 - 48.2,36.1 - 48.4,19
Symptoms of Anxiety Disorder or Depressive Disorder,By State,New York,New York,2,5/7/2020,36.9,31.6,42.4,31.6 - 42.4,36.1 - 48.4,19
Symptoms of Anxiety Disorder or Depressive Disorder,By State,North Carolina,North Carolina,2,5/7/2020,28.1,22.4,34.4,22.4 - 34.4,26.1 - 30.5,19
Symptoms of Anxiety Disorder or Depressive Disorder,By State,North Dakota,North Dakota,2,5/7/2020,28.6,21.3,36.8,21.3 - 36.8,26.1 - 30.5,19
Symptoms of Anxiety Disorder or Depressive Disorder,By State,Ohio,Ohio,2,5/7/2020,32.8,27.5,38.6,27.5 - 38.6,30.6 - 33.4,19
Symptoms of Anxiety Disorder or Depressive Disorder,By State,Oklahoma,Oklahoma,2,5/7/2020,31.0,24.1,38.5,24.1 - 38.5,30.6 - 33.4,19
Symptoms of Anxiety Disorder or Depressive Disorder,By State,Oregon,Oregon,2,5/7/2020,29.9,25.4,34.8,25.4 - 34.8,26.1 - 30.5,19
Symptoms of Anxiety Disorder or Depressive Disorder,By State,Pennsylvania,Pennsylvania,2,5/7/2020,32.0,27.2,37.0,27.2 - 37.0,30.6 - 33.4,19
Symptoms of Anxiety Disorder or Depressive Disorder,By State,Rhode Island,Rhode Island,2,5/7/2020,33.8,25.4,43.0,25.4 - 43.0,33.5 - 36.0,19
Symptoms of Anxiety Disorder or Depressive Disorder,By State,South Carolina,South Carolina,2,5/7/2020,33.1,27.8,38.6,27.8 - 38.6,30.6 - 33.4,19
Symptoms of Anxiety Disorder or Depressive Disorder,By State,South Dakota,South Dakota,2,5/7/2020,29.8,21.5,39.2,21.5 - 39.2,26.1 - 30.5,19
Symptoms of Anxiety Disorder or Depressive Disorder,By State,Tennessee,Tennessee,2,5/7/2020,34.7,28.3,41.7,28.3 - 41.7,33.5 - 36.0,19
Symptoms of Anxiety Disorder or Depressive Disorder,By State,Texas,Texas,2,5/7/2020,35.9,31.4,40.6,31.4 - 40.6,33.5 - 36.0,19
Symptoms of Anxiety Disorder or Depressive Disorder,By State,Utah,Utah,2,5/7/2020,30.4,25.1,36.2,25.1 - 36.2,26.1 - 30.5,19
Symptoms of Anxiety Disorder or Depressive Disorder,By State,Vermont,Vermont,2,5/7/2020,35.7,29.2,42.7,29.2 - 42.7,33.5 - 36.0,19
Symptoms of Anxiety Disorder or Depressive Disorder,By State,Virginia,Virginia,2,5/7/2020,30.6,25.3,36.3,25.3 - 36.3,30.6 - 33.4,19
Symptoms of Anxiety Disorder or Depressive Disorder,By State,Washington,Washington,2,5/7/2020,35.0,30.8,39.3,30.8 - 39.3,33.5 - 36.0,19
Symptoms of Anxiety Disorder or Depressive Disorder,By State,West Virginia,West Virginia,2,5/7/2020,39.0,32.1,46.3,32.1 - 46.3,36.1 - 48.4,19
Symptoms of Anxiety Disorder or Depressive Disorder,By State,Wisconsin,Wisconsin,2,5/7/2020,29.7,23.5,36.5,23.5 - 36.5,26.1 - 30.5,19
Symptoms of Anxiety Disorder or Depressive Disorder,By State,Wyoming,Wyoming,2,5/7/2020,27.9,19.3,37.9,19.3 - 37.9,26.1 - 30.5,19
Symptoms of Anxiety Disorder or Depressive Disorder,By State,Alabama,Alabama,3,5/14/2020,25.2,20.5,30.3,20.5 - 30.3,23.8-29.7,20
Symptoms of Anxiety Disorder or Depressive Disorder,By State,Alaska,Alaska,3,5/14/2020,32.7,27.8,37.9,27.8 - 37.9,32.6-34.9,20
Symptoms of Anxiety Disorder or Depressive Disorder,By State,Arizona,Arizona,3,5/14/2020,32.1,28.0,36.3,28.0 - 36.3,29.8-32.5,20
Symptoms of Anxiety Disorder or Depressive Disorder,By State,Arkansas,Arkansas,3,5/14/2020,35.2,30.9,39.7,30.9 - 39.7,35.0-44.3,20
Symptoms of Anxiety Disorder or Depressive Disorder,By State,California,California,3,5/14/2020,38.8,35.1,42.6,35.1 - 42.6,35.0-44.3,20
Symptoms of Anxiety Disorder or Depressive Disorder,By State,Colorado,Colorado,3,5/14/2020,33.1,29.2,37.1,29.2 - 37.1,32.6-34.9,20
Symptoms of Anxiety Disorder or Depressive Disorder,By State,Connecticut,Connecticut,3,5/14/2020,33.9,29.1,39.1,29.1 - 39.1,32.6-34.9,20
Symptoms of Anxiety Disorder or Depressive Disorder,By State,Delaware,Delaware,3,5/14/2020,31.8,26.8,37.1,26.8 - 37.1,29.8-32.5,20
Symptoms of Anxiety Disorder or Depressive Disorder,By State,District of Columbia,District of Columbia,3,5/14/2020,37.3,29.7,45.4,29.7 - 45.4,35.0-44.3,20
Symptoms of Anxiety Disorder or Depressive Disorder,By State,Florida,Florida,3,5/14/2020,33.5,30.2,37.0,30.2 - 37.0,32.6-34.9,20
Symptoms of Anxiety Disorder or Depressive Disorder,By State,Georgia,Georgia,3,5/14/2020,33.6,29.1,38.3,29.1 - 38.3,32.6-34.9,20
Symptoms of Anxiety Disorder or Depressive Disorder,By State,Hawaii,Hawaii,3,5/14/2020,29.1,23.4,35.4,23.4 - 35.4,23.8-29.7,20
Symptoms of Anxiety Disorder or Depressive Disorder,By State,Idaho,Idaho,3,5/14/2020,27.6,22.5,33.2,22.5 - 33.2,23.8-29.7,20
Symptoms of Anxiety Disorder or Depressive Disorder,By State,Illinois,Illinois,3,5/14/2020,35.2,31.1,39.4,31.1 - 39.4,35.0-44.3,20
Symptoms of Anxiety Disorder or Depressive Disorder,By State,Indiana,Indiana,3,5/14/2020,37.3,32.4,42.5,32.4 - 42.5,35.0-44.3,20
Symptoms of Anxiety Disorder or Depressive Disorder,By State,Iowa,Iowa,3,5/14/2020,23.8,19.0,29.1,19.0 - 29.1,23.8-29.7,20
Symptoms of Anxiety Disorder or Depressive Disorder,By State,Kansas,Kansas,3,5/14/2020,31.1,27.0,35.4,27.0 - 35.4,29.8-32.5,20
Symptoms of Anxiety Disorder or Depressive Disorder,By State,Kentucky,Kentucky,3,5/14/2020,35.5,30.7,40.4,30.7 - 40.4,35.0-44.3,20
Symptoms of Anxiety Disorder or Depressive Disorder,By State,Louisiana,Louisiana,3,5/14/2020,34.2,28.3,40.6,28.3 - 40.6,32.6-34.9,20
Symptoms of Anxiety Disorder or Depressive Disorder,By State,Maine,Maine,3,5/14/2020,34.2,28.5,40.1,28.5 - 40.1,32.6-34.9,20
Symptoms of Anxiety Disorder or Depressive Disorder,By State,Maryland,Maryland,3,5/14/2020,32.7,28.8,36.8,28.8 - 36.8,32.6-34.9,20
Symptoms of Anxiety Disorder or Depressive Disorder,By State,Massachusetts,Massachusetts,3,5/14/2020,32.0,28.8,35.4,28.8 - 35.4,29.8-32.5,20
Symptoms of Anxiety Disorder or Depressive Disorder,By State,Michigan,Michigan,3,5/14/2020,35.0,30.7,39.5,30.7 - 39.5,35.0-44.3,20
Symptoms of Anxiety Disorder or Depressive Disorder,By State,Minnesota,Minnesota,3,5/14/2020,29.7,25.2,34.5,25.2 - 34.5,23.8-29.7,20
Symptoms of Anxiety Disorder or Depressive Disorder,By State,Mississippi,Mississippi,3,5/14/2020,44.3,37.4,51.3,37.4 - 51.3,35.0-44.3,20
Symptoms of Anxiety Disorder or Depressive Disorder,By State,Missouri,Missouri,3,5/14/2020,35.4,29.6,41.6,29.6 - 41.6,35.0-44.3,20
Symptoms of Anxiety Disorder or Depressive Disorder,By State,Montana,Montana,3,5/14/2020,29.7,24.4,35.4,24.4 - 35.4,23.8-29.7,20
Symptoms of Anxiety Disorder or Depressive Disorder,By State,Nebraska,Nebraska,3,5/14/2020,26.2,21.5,31.3,21.5 - 31.3,23.8-29.7,20
Symptoms of Anxiety Disorder or Depressive Disorder,By State,Nevada,Nevada,3,5/14/2020,36.9,32.8,41.2,32.8 - 41.2,35.0-44.3,20
Symptoms of Anxiety Disorder or Depressive Disorder,By State,New Hampshire,New Hampshire,3,5/14/2020,28.8,24.5,33.3,24.5 - 33.3,23.8-29.7,20
Symptoms of Anxiety Disorder or Depressive Disorder,By State,New Jersey,New Jersey,3,5/14/2020,39.3,34.0,44.8,34.0 - 44.8,35.0-44.3,20
Symptoms of Anxiety Disorder or Depressive Disorder,By State,New Mexico,New Mexico,3,5/14/2020,37.4,32.7,42.3,32.7 - 42.3,35.0-44.3,20
Symptoms of Anxiety Disorder or Depressive Disorder,By State,New York,New York,3,5/14/2020,34.9,30.5,39.5,30.5 - 39.5,32.6-34.9,20
Symptoms of Anxiety Disorder or Depressive Disorder,By State,North Carolina,North Carolina,3,5/14/2020,32.2,26.8,38.0,26.8 - 38.0,29.8-32.5,20
Symptoms of Anxiety Disorder or Depressive Disorder,By State,North Dakota,North Dakota,3,5/14/2020,31.9,24.9,39.4,24.9 - 39.4,29.8-32.5,20
Symptoms of Anxiety Disorder or Depressive Disorder,By State,Ohio,Ohio,3,5/14/2020,33.9,28.5,39.5,28.5 - 39.5,32.6-34.9,20
Symptoms of Anxiety Disorder or Depressive Disorder,By State,Oklahoma,Oklahoma,3,5/14/2020,29.8,24.2,35.9,24.2 - 35.9,29.8-32.5,20
Symptoms of Anxiety Disorder or Depressive Disorder,By State,Oregon,Oregon,3,5/14/2020,31.7,27.8,35.7,27.8 - 35.7,29.8-32.5,20
Symptoms of Anxiety Disorder or Depressive Disorder,By State,Pennsylvania,Pennsylvania,3,5/14/2020,30.0,26.1,34.0,26.1 - 34.0,29.8-32.5,20
Symptoms of Anxiety Disorder or Depressive Disorder,By State,Rhode Island,Rhode Island,3,5/14/2020,26.2,20.9,32.0,20.9 - 32.0,23.8-29.7,20
Symptoms of Anxiety Disorder or Depressive Disorder,By State,South Carolina,South Carolina,3,5/14/2020,31.3,26.6,36.3,26.6 - 36.3,29.8-32.5,20
Symptoms of Anxiety Disorder or Depressive Disorder,By State,South Dakota,South Dakota,3,5/14/2020,27.8,21.1,35.2,21.1 - 35.2,23.8-29.7,20
Symptoms of Anxiety Disorder or Depressive Disorder,By State,Tennessee,Tennessee,3,5/14/2020,32.5,27.9,37.4,27.9 - 37.4,29.8-32.5,20
Symptoms of Anxiety Disorder or Depressive Disorder,By State,Texas,Texas,3,5/14/2020,34.8,31.8,37.9,31.8 - 37.9,32.6-34.9,20
Symptoms of Anxiety Disorder or Depressive Disorder,By State,Utah,Utah,3,5/14/2020,30.3,26.5,34.2,26.5 - 34.2,29.8-32.5,20
Symptoms of Anxiety Disorder or Depressive Disorder,By State,Vermont,Vermont,3,5/14/2020,29.6,25.3,34.2,25.3 - 34.2,23.8-29.7,20
Symptoms of Anxiety Disorder or Depressive Disorder,By State,Virginia,Virginia,3,5/14/2020,32.2,28.5,35.9,28.5 - 35.9,29.8-32.5,20
Symptoms of Anxiety Disorder or Depressive Disorder,By State,Washington,Washington,3,5/14/2020,33.0,29.8,36.2,29.8 - 36.2,32.6-34.9,20
Symptoms of Anxiety Disorder or Depressive Disorder,By State,West Virginia,West Virginia,3,5/14/2020,34.3,27.4,41.6,27.4 - 41.6,32.6-34.9,20
Symptoms of Anxiety Disorder or Depressive Disorder,By State,Wisconsin,Wisconsin,3,5/14/2020,28.0,23.0,33.4,23.0 - 33.4,23.8-29.7,20
Symptoms of Anxiety Disorder or Depressive Disorder,By State,Wyoming,Wyoming,3,5/14/2020,28.0,21.0,35.8,21.0 - 35.8,23.8-29.7,20
Symptoms of Anxiety Disorder or Depressive Disorder,By State,Alabama,Alabama,4,5/21/2020,28.8,23.9,34.0,23.9 - 34.0,24.8-29.5,21
Symptoms of Anxiety Disorder or Depressive Disorder,By State,Alaska,Alaska,4,5/21/2020,36.4,31.5,41.4,31.5 - 41.4,35.6-41.4,21
Symptoms of Anxiety Disorder or Depressive Disorder,By State,Arizona,Arizona,4,5/21/2020,35.5,31.3,39.8,31.3 - 39.8,33.2-35.5,21
Symptoms of Anxiety Disorder or Depressive Disorder,By State,Arkansas,Arkansas,4,5/21/2020,33.8,28.4,39.6,28.4 - 39.6,33.2-35.5,21
Symptoms of Anxiety Disorder or Depressive Disorder,By State,California,California,4,5/21/2020,36.2,32.8,39.7,32.8 - 39.7,35.6-41.4,21
Symptoms of Anxiety Disorder or Depressive Disorder,By State,Colorado,Colorado,4,5/21/2020,33.5,29.8,37.4,29.8 - 37.4,33.2-35.5,21
Symptoms of Anxiety Disorder or Depressive Disorder,By State,Connecticut,Connecticut,4,5/21/2020,28.0,23.5,32.7,23.5 - 32.7,24.8-29.5,21
Symptoms of Anxiety Disorder or Depressive Disorder,By State,Delaware,Delaware,4,5/21/2020,31.1,26.6,35.9,26.6 - 35.9,29.6-33.1,21
Symptoms of Anxiety Disorder or Depressive Disorder,By State,District of Columbia,District of Columbia,4,5/21/2020,34.2,28.5,40.2,28.5 - 40.2,33.2-35.5,21
Symptoms of Anxiety Disorder or Depressive Disorder,By State,Florida,Florida,4,5/21/2020,39.1,36.3,41.9,36.3 - 41.9,35.6-41.4,21
Symptoms of Anxiety Disorder or Depressive Disorder,By State,Georgia,Georgia,4,5/21/2020,37.5,33.3,41.8,33.3 - 41.8,35.6-41.4,21
Symptoms of Anxiety Disorder or Depressive Disorder,By State,Hawaii,Hawaii,4,5/21/2020,26.6,21.9,31.7,21.9 - 31.7,24.8-29.5,21
Symptoms of Anxiety Disorder or Depressive Disorder,By State,Idaho,Idaho,4,5/21/2020,24.8,20.0,30.2,20.0 - 30.2,24.8-29.5,21
Symptoms of Anxiety Disorder or Depressive Disorder,By State,Illinois,Illinois,4,5/21/2020,35.6,30.8,40.5,30.8 - 40.5,35.6-41.4,21
Symptoms of Anxiety Disorder or Depressive Disorder,By State,Indiana,Indiana,4,5/21/2020,35.2,31.8,38.7,31.8 - 38.7,33.2-35.5,21
Symptoms of Anxiety Disorder or Depressive Disorder,By State,Iowa,Iowa,4,5/21/2020,25.9,21.7,30.4,21.7 - 30.4,24.8-29.5,21
Symptoms of Anxiety Disorder or Depressive Disorder,By State,Kansas,Kansas,4,5/21/2020,33.2,29.2,37.4,29.2 - 37.4,33.2-35.5,21
Symptoms of Anxiety Disorder or Depressive Disorder,By State,Kentucky,Kentucky,4,5/21/2020,34.7,29.2,40.4,29.2 - 40.4,33.2-35.5,21
Symptoms of Anxiety Disorder or Depressive Disorder,By State,Louisiana,Louisiana,4,5/21/2020,41.4,36.0,47.1,36.0 - 47.1,35.6-41.4,21
Symptoms of Anxiety Disorder or Depressive Disorder,By State,Maine,Maine,4,5/21/2020,27.8,23.5,32.4,23.5 - 32.4,24.8-29.5,21
Symptoms of Anxiety Disorder or Depressive Disorder,By State,Maryland,Maryland,4,5/21/2020,31.6,27.6,35.9,27.6 - 35.9,29.6-33.1,21
Symptoms of Anxiety Disorder or Depressive Disorder,By State,Massachusetts,Massachusetts,4,5/21/2020,29.5,25.8,33.4,25.8 - 33.4,24.8-29.5,21
Symptoms of Anxiety Disorder or Depressive Disorder,By State,Michigan,Michigan,4,5/21/2020,32.8,28.7,37.0,28.7 - 37.0,29.6-33.1,21
Symptoms of Anxiety Disorder or Depressive Disorder,By State,Minnesota,Minnesota,4,5/21/2020,26.1,22.4,30.0,22.4 - 30.0,24.8-29.5,21
Symptoms of Anxiety Disorder or Depressive Disorder,By State,Mississippi,Mississippi,4,5/21/2020,37.8,33.1,42.7,33.1 - 42.7,35.6-41.4,21
Symptoms of Anxiety Disorder or Depressive Disorder,By State,Missouri,Missouri,4,5/21/2020,32.9,28.2,37.9,28.2 - 37.9,29.6-33.1,21
Symptoms of Anxiety Disorder or Depressive Disorder,By State,Montana,Montana,4,5/21/2020,30.7,25.8,36.0,25.8 - 36.0,29.6-33.1,21
Symptoms of Anxiety Disorder or Depressive Disorder,By State,Nebraska,Nebraska,4,5/21/2020,28.1,24.7,31.6,24.7 - 31.6,24.8-29.5,21
Symptoms of Anxiety Disorder or Depressive Disorder,By State,Nevada,Nevada,4,5/21/2020,40.7,36.6,45.0,36.6 - 45.0,35.6-41.4,21
Symptoms of Anxiety Disorder or Depressive Disorder,By State,New Hampshire,New Hampshire,4,5/21/2020,31.1,26.9,35.6,26.9 - 35.6,29.6-33.1,21
Symptoms of Anxiety Disorder or Depressive Disorder,By State,New Jersey,New Jersey,4,5/21/2020,31.1,27.5,35.0,27.5 - 35.0,29.6-33.1,21
Symptoms of Anxiety Disorder or Depressive Disorder,By State,New Mexico,New Mexico,4,5/21/2020,39.1,34.4,43.9,34.4 - 43.9,35.6-41.4,21
Symptoms of Anxiety Disorder or Depressive Disorder,By State,New York,New York,4,5/21/2020,34.4,30.5,38.5,30.5 - 38.5,33.2-35.5,21
Symptoms of Anxiety Disorder or Depressive Disorder,By State,North Carolina,North Carolina,4,5/21/2020,32.3,28.5,36.2,28.5 - 36.2,29.6-33.1,21
Symptoms of Anxiety Disorder or Depressive Disorder,By State,North Dakota,North Dakota,4,5/21/2020,28.1,22.6,34.2,22.6 - 34.2,24.8-29.5,21
Symptoms of Anxiety Disorder or Depressive Disorder,By State,Ohio,Ohio,4,5/21/2020,34.6,30.9,38.5,30.9 - 38.5,33.2-35.5,21
Symptoms of Anxiety Disorder or Depressive Disorder,By State,Oklahoma,Oklahoma,4,5/21/2020,32.8,28.9,36.9,28.9 - 36.9,29.6-33.1,21
Symptoms of Anxiety Disorder or Depressive Disorder,By State,Oregon,Oregon,4,5/21/2020,35.3,31.4,39.4,31.4 - 39.4,33.2-35.5,21
Symptoms of Anxiety Disorder or Depressive Disorder,By State,Pennsylvania,Pennsylvania,4,5/21/2020,33.9,30.0,38.0,30.0 - 38.0,33.2-35.5,21
Symptoms of Anxiety Disorder or Depressive Disorder,By State,Rhode Island,Rhode Island,4,5/21/2020,33.8,28.8,39.1,28.8 - 39.1,33.2-35.5,21
Symptoms of Anxiety Disorder or Depressive Disorder,By State,South Carolina,South Carolina,4,5/21/2020,32.2,27.3,37.3,27.3 - 37.3,29.6-33.1,21
Symptoms of Anxiety Disorder or Depressive Disorder,By State,South Dakota,South Dakota,4,5/21/2020,36.3,30.7,42.2,30.7 - 42.2,35.6-41.4,21
Symptoms of Anxiety Disorder or Depressive Disorder,By State,Tennessee,Tennessee,4,5/21/2020,33.1,28.9,37.5,28.9 - 37.5,29.6-33.1,21
Symptoms of Anxiety Disorder or Depressive Disorder,By State,Texas,Texas,4,5/21/2020,37.7,33.8,41.7,33.8 - 41.7,35.6-41.4,21
Symptoms of Anxiety Disorder or Depressive Disorder,By State,Utah,Utah,4,5/21/2020,31.9,27.5,36.5,27.5 - 36.5,29.6-33.1,21
Symptoms of Anxiety Disorder or Depressive Disorder,By State,Vermont,Vermont,4,5/21/2020,28.8,23.3,34.8,23.3 - 34.8,24.8-29.5,21
Symptoms of Anxiety Disorder or Depressive Disorder,By State,Virginia,Virginia,4,5/21/2020,33.1,29.8,36.5,29.8 - 36.5,29.6-33.1,21
Symptoms of Anxiety Disorder or Depressive Disorder,By State,Washington,Washington,4,5/21/2020,31.8,28.7,35.0,28.7 - 35.0,29.6-33.1,21
Symptoms of Anxiety Disorder or Depressive Disorder,By State,West Virginia,West Virginia,4,5/21/2020,37.9,32.3,43.8,32.3 - 43.8,35.6-41.4,21
Symptoms of Anxiety Disorder or Depressive Disorder,By State,Wisconsin,Wisconsin,4,5/21/2020,28.9,24.6,33.5,24.6 - 33.5,24.8-29.5,21
Symptoms of Anxiety Disorder or Depressive Disorder,By State,Wyoming,Wyoming,4,5/21/2020,28.3,23.6,33.4,23.6 - 33.4,24.8-29.5,21
Symptoms of Anxiety Disorder or Depressive Disorder,By State,Alabama,Alabama,5,5/28/2020,37.5,32.6,42.6,32.6 - 42.6,37.0-40.0,22
Symptoms of Anxiety Disorder or Depressive Disorder,By State,Alaska,Alaska,5,5/28/2020,31.6,27.1,36.3,27.1 - 36.3,26.0-31.6,22
Symptoms of Anxiety Disorder or Depressive Disorder,By State,Arizona,Arizona,5,5/28/2020,32.6,29.1,36.2,29.1 - 36.2,31.7-34.2,22
Symptoms of Anxiety Disorder or Depressive Disorder,By State,Arkansas,Arkansas,5,5/28/2020,39.0,34.8,43.4,34.8 - 43.4,37.0-40.0,22
Symptoms of Anxiety Disorder or Depressive Disorder,By State,California,California,5,5/28/2020,38.6,36.3,40.8,36.3 - 40.8,37.0-40.0,22
Symptoms of Anxiety Disorder or Depressive Disorder,By State,Colorado,Colorado,5,5/28/2020,33.6,29.6,37.7,29.6 - 37.7,31.7-34.2,22
Symptoms of Anxiety Disorder or Depressive Disorder,By State,Connecticut,Connecticut,5,5/28/2020,35.1,31.8,38.5,31.8 - 38.5,34.3-36.9,22
Symptoms of Anxiety Disorder or Depressive Disorder,By State,Delaware,Delaware,5,5/28/2020,30.3,25.5,35.5,25.5 - 35.5,26.0-31.6,22
Symptoms of Anxiety Disorder or Depressive Disorder,By State,District of Columbia,District of Columbia,5,5/28/2020,33.0,28.1,38.2,28.1 - 38.2,31.7-34.2,22
Symptoms of Anxiety Disorder or Depressive Disorder,By State,Florida,Florida,5,5/28/2020,40.0,36.6,43.4,36.6 - 43.4,37.0-40.0,22
Symptoms of Anxiety Disorder or Depressive Disorder,By State,Georgia,Georgia,5,5/28/2020,34.9,31.0,39.0,31.0 - 39.0,34.3-36.9,22
Symptoms of Anxiety Disorder or Depressive Disorder,By State,Hawaii,Hawaii,5,5/28/2020,26.1,22.1,30.5,22.1 - 30.5,26.0-31.6,22
Symptoms of Anxiety Disorder or Depressive Disorder,By State,Idaho,Idaho,5,5/28/2020,31.8,27.1,36.7,27.1 - 36.7,31.7-34.2,22
Symptoms of Anxiety Disorder or Depressive Disorder,By State,Illinois,Illinois,5,5/28/2020,37.0,33.5,40.7,33.5 - 40.7,37.0-40.0,22
Symptoms of Anxiety Disorder or Depressive Disorder,By State,Indiana,Indiana,5,5/28/2020,36.2,32.6,40.0,32.6 - 40.0,34.3-36.9,22
Symptoms of Anxiety Disorder or Depressive Disorder,By State,Iowa,Iowa,5,5/28/2020,32.9,29.3,36.8,29.3 - 36.8,31.7-34.2,22
Symptoms of Anxiety Disorder or Depressive Disorder,By State,Kansas,Kansas,5,5/28/2020,32.0,28.1,36.1,28.1 - 36.1,31.7-34.2,22
Symptoms of Anxiety Disorder or Depressive Disorder,By State,Kentucky,Kentucky,5,5/28/2020,39.0,35.1,43.0,35.1 - 43.0,37.0-40.0,22
Symptoms of Anxiety Disorder or Depressive Disorder,By State,Louisiana,Louisiana,5,5/28/2020,36.3,32.1,40.7,32.1 - 40.7,34.3-36.9,22
Symptoms of Anxiety Disorder or Depressive Disorder,By State,Maine,Maine,5,5/28/2020,29.3,25.3,33.6,25.3 - 33.6,26.0-31.6,22
Symptoms of Anxiety Disorder or Depressive Disorder,By State,Maryland,Maryland,5,5/28/2020,30.8,27.5,34.2,27.5 - 34.2,26.0-31.6,22
Symptoms of Anxiety Disorder or Depressive Disorder,By State,Massachusetts,Massachusetts,5,5/28/2020,29.9,26.6,33.3,26.6 - 33.3,26.0-31.6,22
Symptoms of Anxiety Disorder or Depressive Disorder,By State,Michigan,Michigan,5,5/28/2020,34.5,31.2,37.9,31.2 - 37.9,34.3-36.9,22
Symptoms of Anxiety Disorder or Depressive Disorder,By State,Minnesota,Minnesota,5,5/28/2020,30.0,26.8,33.4,26.8 - 33.4,26.0-31.6,22
Symptoms of Anxiety Disorder or Depressive Disorder,By State,Mississippi,Mississippi,5,5/28/2020,38.7,34.2,43.5,34.2 - 43.5,37.0-40.0,22
Symptoms of Anxiety Disorder or Depressive Disorder,By State,Missouri,Missouri,5,5/28/2020,33.7,29.9,37.7,29.9 - 37.7,31.7-34.2,22
Symptoms of Anxiety Disorder or Depressive Disorder,By State,Montana,Montana,5,5/28/2020,28.6,23.3,34.4,23.3 - 34.4,26.0-31.6,22
Symptoms of Anxiety Disorder or Depressive Disorder,By State,Nebraska,Nebraska,5,5/28/2020,26.6,23.4,30.1,23.4 - 30.1,26.0-31.6,22
Symptoms of Anxiety Disorder or Depressive Disorder,By State,Nevada,Nevada,5,5/28/2020,34.2,30.3,38.3,30.3 - 38.3,31.7-34.2,22
Symptoms of Anxiety Disorder or Depressive Disorder,By State,New Hampshire,New Hampshire,5,5/28/2020,31.8,27.9,35.8,27.9 - 35.8,31.7-34.2,22
Symptoms of Anxiety Disorder or Depressive Disorder,By State,New Jersey,New Jersey,5,5/28/2020,36.5,32.9,40.3,32.9 - 40.3,34.3-36.9,22
Symptoms of Anxiety Disorder or Depressive Disorder,By State,New Mexico,New Mexico,5,5/28/2020,39.5,34.6,44.6,34.6 - 44.6,37.0-40.0,22
Symptoms of Anxiety Disorder or Depressive Disorder,By State,New York,New York,5,5/28/2020,34.8,31.6,38.2,31.6 - 38.2,34.3-36.9,22
Symptoms of Anxiety Disorder or Depressive Disorder,By State,North Carolina,North Carolina,5,5/28/2020,33.0,29.2,37.1,29.2 - 37.1,31.7-34.2,22
Symptoms of Anxiety Disorder or Depressive Disorder,By State,North Dakota,North Dakota,5,5/28/2020,26.0,20.7,31.9,20.7 - 31.9,26.0-31.6,22
Symptoms of Anxiety Disorder or Depressive Disorder,By State,Ohio,Ohio,5,5/28/2020,37.0,32.7,41.5,32.7 - 41.5,37.0-40.0,22
Symptoms of Anxiety Disorder or Depressive Disorder,By State,Oklahoma,Oklahoma,5,5/28/2020,38.6,34.5,42.9,34.5 - 42.9,37.0-40.0,22
Symptoms of Anxiety Disorder or Depressive Disorder,By State,Oregon,Oregon,5,5/28/2020,39.5,35.8,43.3,35.8 - 43.3,37.0-40.0,22
Symptoms of Anxiety Disorder or Depressive Disorder,By State,Pennsylvania,Pennsylvania,5,5/28/2020,35.1,30.7,39.6,30.7 - 39.6,34.3-36.9,22
Symptoms of Anxiety Disorder or Depressive Disorder,By State,Rhode Island,Rhode Island,5,5/28/2020,34.0,28.6,39.8,28.6 - 39.8,31.7-34.2,22
Symptoms of Anxiety Disorder or Depressive Disorder,By State,South Carolina,South Carolina,5,5/28/2020,35.6,31.0,40.4,31.0 - 40.4,34.3-36.9,22
Symptoms of Anxiety Disorder or Depressive Disorder,By State,South Dakota,South Dakota,5,5/28/2020,29.7,25.3,34.4,25.3 - 34.4,26.0-31.6,22
Symptoms of Anxiety Disorder or Depressive Disorder,By State,Tennessee,Tennessee,5,5/28/2020,33.6,29.7,37.6,29.7 - 37.6,31.7-34.2,22
Symptoms of Anxiety Disorder or Depressive Disorder,By State,Texas,Texas,5,5/28/2020,36.9,33.7,40.2,33.7 - 40.2,34.3-36.9,22
Symptoms of Anxiety Disorder or Depressive Disorder,By State,Utah,Utah,5,5/28/2020,34.5,31.3,37.8,31.3 - 37.8,34.3-36.9,22
Symptoms of Anxiety Disorder or Depressive Disorder,By State,Vermont,Vermont,5,5/28/2020,35.3,29.1,41.8,29.1 - 41.8,34.3-36.9,22
Symptoms of Anxiety Disorder or Depressive Disorder,By State,Virginia,Virginia,5,5/28/2020,31.4,28.0,35.0,28.0 - 35.0,26.0-31.6,22
Symptoms of Anxiety Disorder or Depressive Disorder,By State,Washington,Washington,5,5/28/2020,36.7,33.2,40.4,33.2 - 40.4,34.3-36.9,22
Symptoms of Anxiety Disorder or Depressive Disorder,By State,West Virginia,West Virginia,5,5/28/2020,38.9,32.9,45.0,32.9 - 45.0,37.0-40.0,22
Symptoms of Anxiety Disorder or Depressive Disorder,By State,Wisconsin,Wisconsin,5,5/28/2020,26.7,23.0,30.6,23.0 - 30.6,26.0-31.6,22
Symptoms of Anxiety Disorder or Depressive Disorder,By State,Wyoming,Wyoming,5,5/28/2020,32.9,27.2,38.9,27.2 - 38.9,31.7-34.2,22
Symptoms of Anxiety Disorder or Depressive Disorder,By State,Alabama,Alabama,6,6/4/2020,36.9,32.2,41.9,32.2 - 41.9,34.8-37.6,23
Symptoms of Anxiety Disorder or Depressive Disorder,By State,Alaska,Alaska,6,6/4/2020,35.2,30.0,40.7,30.0 - 40.7,34.8-37.6,23
Symptoms of Anxiety Disorder or Depressive Disorder,By State,Arizona,Arizona,6,6/4/2020,36.8,33.2,40.5,33.2 - 40.5,34.8-37.6,23
Symptoms of Anxiety Disorder or Depressive Disorder,By State,Arkansas,Arkansas,6,6/4/2020,38.2,31.9,44.7,31.9 - 44.7,37.7-40.7,23
Symptoms of Anxiety Disorder or Depressive Disorder,By State,California,California,6,6/4/2020,39.7,37.2,42.2,37.2 - 42.2,37.7-40.7,23
Symptoms of Anxiety Disorder or Depressive Disorder,By State,Colorado,Colorado,6,6/4/2020,34.7,30.5,39.0,30.5 - 39.0,31.1-34.7,23
Symptoms of Anxiety Disorder or Depressive Disorder,By State,Connecticut,Connecticut,6,6/4/2020,32.8,27.1,38.8,27.1 - 38.8,31.1-34.7,23
Symptoms of Anxiety Disorder or Depressive Disorder,By State,Delaware,Delaware,6,6/4/2020,33.0,28.0,38.4,28.0 - 38.4,31.1-34.7,23
Symptoms of Anxiety Disorder or Depressive Disorder,By State,District of Columbia,District of Columbia,6,6/4/2020,39.5,32.0,47.3,32.0 - 47.3,37.7-40.7,23
Symptoms of Anxiety Disorder or Depressive Disorder,By State,Florida,Florida,6,6/4/2020,40.7,37.1,44.4,37.1 - 44.4,37.7-40.7,23
Symptoms of Anxiety Disorder or Depressive Disorder,By State,Georgia,Georgia,6,6/4/2020,35.7,30.5,41.1,30.5 - 41.1,34.8-37.6,23
Symptoms of Anxiety Disorder or Depressive Disorder,By State,Hawaii,Hawaii,6,6/4/2020,27.5,23.6,31.6,23.6 - 31.6,23.0-31.0,23
Symptoms of Anxiety Disorder or Depressive Disorder,By State,Idaho,Idaho,6,6/4/2020,32.0,27.6,36.7,27.6 - 36.7,31.1-34.7,23
Symptoms of Anxiety Disorder or Depressive Disorder,By State,Illinois,Illinois,6,6/4/2020,39.5,35.3,43.9,35.3 - 43.9,37.7-40.7,23
Symptoms of Anxiety Disorder or Depressive Disorder,By State,Indiana,Indiana,6,6/4/2020,32.1,27.9,36.6,27.9 - 36.6,31.1-34.7,23
Symptoms of Anxiety Disorder or Depressive Disorder,By State,Iowa,Iowa,6,6/4/2020,34.9,30.2,39.9,30.2 - 39.9,34.8-37.6,23
Symptoms of Anxiety Disorder or Depressive Disorder,By State,Kansas,Kansas,6,6/4/2020,36.6,31.6,41.8,31.6 - 41.8,34.8-37.6,23
Symptoms of Anxiety Disorder or Depressive Disorder,By State,Kentucky,Kentucky,6,6/4/2020,37.6,33.1,42.4,33.1 - 42.4,34.8-37.6,23
Symptoms of Anxiety Disorder or Depressive Disorder,By State,Louisiana,Louisiana,6,6/4/2020,36.5,32.5,40.7,32.5 - 40.7,34.8-37.6,23
Symptoms of Anxiety Disorder or Depressive Disorder,By State,Maine,Maine,6,6/4/2020,35.4,29.7,41.3,29.7 - 41.3,34.8-37.6,23
Symptoms of Anxiety Disorder or Depressive Disorder,By State,Maryland,Maryland,6,6/4/2020,26.9,23.6,30.3,23.6 - 30.3,23.0-31.0,23
Symptoms of Anxiety Disorder or Depressive Disorder,By State,Massachusetts,Massachusetts,6,6/4/2020,31.0,26.6,35.7,26.6 - 35.7,23.0-31.0,23
Symptoms of Anxiety Disorder or Depressive Disorder,By State,Michigan,Michigan,6,6/4/2020,28.1,24.6,31.9,24.6 - 31.9,23.0-31.0,23
Symptoms of Anxiety Disorder or Depressive Disorder,By State,Minnesota,Minnesota,6,6/4/2020,31.0,27.2,35.1,27.2 - 35.1,23.0-31.0,23
Symptoms of Anxiety Disorder or Depressive Disorder,By State,Mississippi,Mississippi,6,6/4/2020,38.4,32.7,44.3,32.7 - 44.3,37.7-40.7,23
Symptoms of Anxiety Disorder or Depressive Disorder,By State,Missouri,Missouri,6,6/4/2020,29.5,24.4,35.0,24.4 - 35.0,23.0-31.0,23
Symptoms of Anxiety Disorder or Depressive Disorder,By State,Montana,Montana,6,6/4/2020,30.4,26.3,34.8,26.3 - 34.8,23.0-31.0,23
Symptoms of Anxiety Disorder or Depressive Disorder,By State,Nebraska,Nebraska,6,6/4/2020,31.0,26.5,35.9,26.5 - 35.9,23.0-31.0,23
Symptoms of Anxiety Disorder or Depressive Disorder,By State,Nevada,Nevada,6,6/4/2020,38.5,34.0,43.1,34.0 - 43.1,37.7-40.7,23
Symptoms of Anxiety Disorder or Depressive Disorder,By State,New Hampshire,New Hampshire,6,6/4/2020,35.1,30.1,40.4,30.1 - 40.4,34.8-37.6,23
Symptoms of Anxiety Disorder or Depressive Disorder,By State,New Jersey,New Jersey,6,6/4/2020,33.8,28.2,39.8,28.2 - 39.8,31.1-34.7,23
Symptoms of Anxiety Disorder or Depressive Disorder,By State,New Mexico,New Mexico,6,6/4/2020,34.7,29.1,40.6,29.1 - 40.6,31.1-34.7,23
Symptoms of Anxiety Disorder or Depressive Disorder,By State,New York,New York,6,6/4/2020,38.6,33.2,44.2,33.2 - 44.2,37.7-40.7,23
Symptoms of Anxiety Disorder or Depressive Disorder,By State,North Carolina,North Carolina,6,6/4/2020,36.2,31.5,41.2,31.5 - 41.2,34.8-37.6,23
Symptoms of Anxiety Disorder or Depressive Disorder,By State,North Dakota,North Dakota,6,6/4/2020,23.0,18.3,28.2,18.3 - 28.2,23.0-31.0,23
Symptoms of Anxiety Disorder or Depressive Disorder,By State,Ohio,Ohio,6,6/4/2020,36.9,32.0,42.0,32.0 - 42.0,34.8-37.6,23
Symptoms of Anxiety Disorder or Depressive Disorder,By State,Oklahoma,Oklahoma,6,6/4/2020,33.7,28.8,38.9,28.8 - 38.9,31.1-34.7,23
Symptoms of Anxiety Disorder or Depressive Disorder,By State,Oregon,Oregon,6,6/4/2020,40.5,37.0,44.0,37.0 - 44.0,37.7-40.7,23
Symptoms of Anxiety Disorder or Depressive Disorder,By State,Pennsylvania,Pennsylvania,6,6/4/2020,33.9,29.3,38.7,29.3 - 38.7,31.1-34.7,23
Symptoms of Anxiety Disorder or Depressive Disorder,By State,Rhode Island,Rhode Island,6,6/4/2020,29.2,24.4,34.4,24.4 - 34.4,23.0-31.0,23
Symptoms of Anxiety Disorder or Depressive Disorder,By State,South Carolina,South Carolina,6,6/4/2020,31.4,26.8,36.3,26.8 - 36.3,31.1-34.7,23
Symptoms of Anxiety Disorder or Depressive Disorder,By State,South Dakota,South Dakota,6,6/4/2020,29.8,24.2,35.8,24.2 - 35.8,23.0-31.0,23
Symptoms of Anxiety Disorder or Depressive Disorder,By State,Tennessee,Tennessee,6,6/4/2020,38.0,33.3,42.9,33.3 - 42.9,37.7-40.7,23
Symptoms of Anxiety Disorder or Depressive Disorder,By State,Texas,Texas,6,6/4/2020,39.6,35.6,43.6,35.6 - 43.6,37.7-40.7,23
Symptoms of Anxiety Disorder or Depressive Disorder,By State,Utah,Utah,6,6/4/2020,34.1,29.6,38.9,29.6 - 38.9,31.1-34.7,23
Symptoms of Anxiety Disorder or Depressive Disorder,By State,Vermont,Vermont,6,6/4/2020,33.7,27.3,40.6,27.3 - 40.6,31.1-34.7,23
Symptoms of Anxiety Disorder or Depressive Disorder,By State,Virginia,Virginia,6,6/4/2020,36.5,31.5,41.7,31.5 - 41.7,34.8-37.6,23
Symptoms of Anxiety Disorder or Depressive Disorder,By State,Washington,Washington,6,6/4/2020,31.9,28.7,35.2,28.7 - 35.2,31.1-34.7,23
Symptoms of Anxiety Disorder or Depressive Disorder,By State,West Virginia,West Virginia,6,6/4/2020,38.9,33.1,45.0,33.1 - 45.0,37.7-40.7,23
Symptoms of Anxiety Disorder or Depressive Disorder,By State,Wisconsin,Wisconsin,6,6/4/2020,28.3,24.1,32.8,24.1 - 32.8,23.0-31.0,23
Symptoms of Anxiety Disorder or Depressive Disorder,By State,Wyoming,Wyoming,6,6/4/2020,29.4,23.9,35.4,23.9 - 35.4,23.0-31.0,23
Symptoms of Anxiety Disorder or Depressive Disorder,By State,Alabama,Alabama,7,6/11/2020,38.1,33.1,43.3,33.1 - 43.3,38.0-43.5,24
Symptoms of Anxiety Disorder or Depressive Disorder,By State,Alaska,Alaska,7,6/11/2020,36.5,32.1,41.1,32.1 - 41.1,35.0-37.9,24
Symptoms of Anxiety Disorder or Depressive Disorder,By State,Arizona,Arizona,7,6/11/2020,33.3,27.9,39.0,27.9 - 39.0,32.3-34.9,24
Symptoms of Anxiety Disorder or Depressive Disorder,By State,Arkansas,Arkansas,7,6/11/2020,39.0,32.9,45.4,32.9 - 45.4,38.0-43.5,24
Symptoms of Anxiety Disorder or Depressive Disorder,By State,California,California,7,6/11/2020,37.9,33.8,42.1,33.8 - 42.1,35.0-37.9,24
Symptoms of Anxiety Disorder or Depressive Disorder,By State,Colorado,Colorado,7,6/11/2020,33.5,28.9,38.3,28.9 - 38.3,32.3-34.9,24
Symptoms of Anxiety Disorder or Depressive Disorder,By State,Connecticut,Connecticut,7,6/11/2020,38.7,33.9,43.6,33.9 - 43.6,38.0-43.5,24
Symptoms of Anxiety Disorder or Depressive Disorder,By State,Delaware,Delaware,7,6/11/2020,34.7,28.7,41.1,28.7 - 41.1,32.3-34.9,24
Symptoms of Anxiety Disorder or Depressive Disorder,By State,District of Columbia,District of Columbia,7,6/11/2020,28.9,21.6,37.1,21.6 - 37.1,25.5-32.2,24
Symptoms of Anxiety Disorder or Depressive Disorder,By State,Florida,Florida,7,6/11/2020,41.8,37.2,46.5,37.2 - 46.5,38.0-43.5,24
Symptoms of Anxiety Disorder or Depressive Disorder,By State,Georgia,Georgia,7,6/11/2020,37.1,32.3,42.0,32.3 - 42.0,35.0-37.9,24
Symptoms of Anxiety Disorder or Depressive Disorder,By State,Hawaii,Hawaii,7,6/11/2020,35.3,29.9,40.9,29.9 - 40.9,35.0-37.9,24
Symptoms of Anxiety Disorder or Depressive Disorder,By State,Idaho,Idaho,7,6/11/2020,27.8,23.5,32.5,23.5 - 32.5,25.5-32.2,24
Symptoms of Anxiety Disorder or Depressive Disorder,By State,Illinois,Illinois,7,6/11/2020,34.6,30.0,39.4,30.0 - 39.4,32.3-34.9,24
Symptoms of Anxiety Disorder or Depressive Disorder,By State,Indiana,Indiana,7,6/11/2020,39.3,34.0,44.7,34.0 - 44.7,38.0-43.5,24
Symptoms of Anxiety Disorder or Depressive Disorder,By State,Iowa,Iowa,7,6/11/2020,31.6,27.2,36.3,27.2 - 36.3,25.5-32.2,24
Symptoms of Anxiety Disorder or Depressive Disorder,By State,Kansas,Kansas,7,6/11/2020,37.1,32.1,42.4,32.1 - 42.4,35.0-37.9,24
Symptoms of Anxiety Disorder or Depressive Disorder,By State,Kentucky,Kentucky,7,6/11/2020,31.9,26.6,37.7,26.6 - 37.7,25.5-32.2,24
Symptoms of Anxiety Disorder or Depressive Disorder,By State,Louisiana,Louisiana,7,6/11/2020,43.5,37.3,49.9,37.3 - 49.9,38.0-43.5,24
Symptoms of Anxiety Disorder or Depressive Disorder,By State,Maine,Maine,7,6/11/2020,37.9,33.2,42.8,33.2 - 42.8,35.0-37.9,24
Symptoms of Anxiety Disorder or Depressive Disorder,By State,Maryland,Maryland,7,6/11/2020,38.3,33.1,43.7,33.1 - 43.7,38.0-43.5,24
Symptoms of Anxiety Disorder or Depressive Disorder,By State,Massachusetts,Massachusetts,7,6/11/2020,29.2,25.5,33.2,25.5 - 33.2,25.5-32.2,24
Symptoms of Anxiety Disorder or Depressive Disorder,By State,Michigan,Michigan,7,6/11/2020,32.4,28.6,36.4,28.6 - 36.4,32.3-34.9,24
Symptoms of Anxiety Disorder or Depressive Disorder,By State,Minnesota,Minnesota,7,6/11/2020,30.5,25.2,36.1,25.2 - 36.1,25.5-32.2,24
Symptoms of Anxiety Disorder or Depressive Disorder,By State,Mississippi,Mississippi,7,6/11/2020,37.5,30.5,45.0,30.5 - 45.0,35.0-37.9,24
Symptoms of Anxiety Disorder or Depressive Disorder,By State,Missouri,Missouri,7,6/11/2020,36.5,31.2,42.1,31.2 - 42.1,35.0-37.9,24
Symptoms of Anxiety Disorder or Depressive Disorder,By State,Montana,Montana,7,6/11/2020,34.2,29.9,38.8,29.9 - 38.8,32.3-34.9,24
Symptoms of Anxiety Disorder or Depressive Disorder,By State,Nebraska,Nebraska,7,6/11/2020,29.7,24.8,34.9,24.8 - 34.9,25.5-32.2,24
Symptoms of Anxiety Disorder or Depressive Disorder,By State,Nevada,Nevada,7,6/11/2020,37.9,32.4,43.6,32.4 - 43.6,35.0-37.9,24
Symptoms of Anxiety Disorder or Depressive Disorder,By State,New Hampshire,New Hampshire,7,6/11/2020,33.4,27.6,39.6,27.6 - 39.6,32.3-34.9,24
Symptoms of Anxiety Disorder or Depressive Disorder,By State,New Jersey,New Jersey,7,6/11/2020,38.7,33.9,43.6,33.9 - 43.6,38.0-43.5,24
Symptoms of Anxiety Disorder or Depressive Disorder,By State,New Mexico,New Mexico,7,6/11/2020,25.5,19.3,32.5,19.3 - 32.5,25.5-32.2,24
Symptoms of Anxiety Disorder or Depressive Disorder,By State,New York,New York,7,6/11/2020,32.9,28.1,37.8,28.1 - 37.8,32.3-34.9,24
Symptoms of Anxiety Disorder or Depressive Disorder,By State,North Carolina,North Carolina,7,6/11/2020,36.2,31.3,41.3,31.3 - 41.3,35.0-37.9,24
Symptoms of Anxiety Disorder or Depressive Disorder,By State,North Dakota,North Dakota,7,6/11/2020,33.6,26.9,40.9,26.9 - 40.9,32.3-34.9,24
Symptoms of Anxiety Disorder or Depressive Disorder,By State,Ohio,Ohio,7,6/11/2020,35.6,29.9,41.5,29.9 - 41.5,35.0-37.9,24
Symptoms of Anxiety Disorder or Depressive Disorder,By State,Oklahoma,Oklahoma,7,6/11/2020,34.9,30.7,39.2,30.7 - 39.2,32.3-34.9,24
Symptoms of Anxiety Disorder or Depressive Disorder,By State,Oregon,Oregon,7,6/11/2020,43.5,38.4,48.8,38.4 - 48.8,38.0-43.5,24
Symptoms of Anxiety Disorder or Depressive Disorder,By State,Pennsylvania,Pennsylvania,7,6/11/2020,35.0,30.5,39.7,30.5 - 39.7,35.0-37.9,24
Symptoms of Anxiety Disorder or Depressive Disorder,By State,Rhode Island,Rhode Island,7,6/11/2020,32.2,26.6,38.1,26.6 - 38.1,25.5-32.2,24
Symptoms of Anxiety Disorder or Depressive Disorder,By State,South Carolina,South Carolina,7,6/11/2020,35.5,30.5,40.8,30.5 - 40.8,35.0-37.9,24
Symptoms of Anxiety Disorder or Depressive Disorder,By State,South Dakota,South Dakota,7,6/11/2020,28.0,20.7,36.3,20.7 - 36.3,25.5-32.2,24
Symptoms of Anxiety Disorder or Depressive Disorder,By State,Tennessee,Tennessee,7,6/11/2020,31.7,26.8,36.9,26.8 - 36.9,25.5-32.2,24
Symptoms of Anxiety Disorder or Depressive Disorder,By State,Texas,Texas,7,6/11/2020,39.5,35.3,43.7,35.3 - 43.7,38.0-43.5,24
Symptoms of Anxiety Disorder or Depressive Disorder,By State,Utah,Utah,7,6/11/2020,36.0,31.3,40.9,31.3 - 40.9,35.0-37.9,24
Symptoms of Anxiety Disorder or Depressive Disorder,By State,Vermont,Vermont,7,6/11/2020,36.3,31.4,41.4,31.4 - 41.4,35.0-37.9,24
Symptoms of Anxiety Disorder or Depressive Disorder,By State,Virginia,Virginia,7,6/11/2020,33.9,28.6,39.6,28.6 - 39.6,32.3-34.9,24
Symptoms of Anxiety Disorder or Depressive Disorder,By State,Washington,Washington,7,6/11/2020,34.2,30.3,38.2,30.3 - 38.2,32.3-34.9,24
Symptoms of Anxiety Disorder or Depressive Disorder,By State,West Virginia,West Virginia,7,6/11/2020,32.2,24.7,40.3,24.7 - 40.3,25.5-32.2,24
Symptoms of Anxiety Disorder or Depressive Disorder,By State,Wisconsin,Wisconsin,7,6/11/2020,26.5,21.6,32.0,21.6 - 32.0,25.5-32.2,24
Symptoms of Anxiety Disorder or Depressive Disorder,By State,Wyoming,Wyoming,7,6/11/2020,32.6,25.7,40.1,25.7 - 40.1,32.3-34.9,24
Symptoms of Anxiety Disorder or Depressive Disorder,By State,Alabama,Alabama,8,6/18/2020,38.0,33.2,43.0,33.2 - 43.0,34.5-38.3,25
Symptoms of Anxiety Disorder or Depressive Disorder,By State,Alaska,Alaska,8,6/18/2020,37.1,32.8,41.5,32.8 - 41.5,34.5-38.3,25
Symptoms of Anxiety Disorder or Depressive Disorder,By State,Arizona,Arizona,8,6/18/2020,40.1,37.2,42.9,37.2 - 42.9,38.4-46.8,25
Symptoms of Anxiety Disorder or Depressive Disorder,By State,Arkansas,Arkansas,8,6/18/2020,38.2,33.2,43.3,33.2 - 43.3,34.5-38.3,25
Symptoms of Anxiety Disorder or Depressive Disorder,By State,California,California,8,6/18/2020,39.1,36.3,42.0,36.3 - 42.0,38.4-46.8,25
Symptoms of Anxiety Disorder or Depressive Disorder,By State,Colorado,Colorado,8,6/18/2020,31.4,26.5,36.7,26.5 - 36.7,24.6-31.7,25
Symptoms of Anxiety Disorder or Depressive Disorder,By State,Connecticut,Connecticut,8,6/18/2020,39.4,34.8,44.1,34.8 - 44.1,38.4-46.8,25
Symptoms of Anxiety Disorder or Depressive Disorder,By State,Delaware,Delaware,8,6/18/2020,30.9,26.2,36.0,26.2 - 36.0,24.6-31.7,25
Symptoms of Anxiety Disorder or Depressive Disorder,By State,District of Columbia,District of Columbia,8,6/18/2020,43.1,37.9,48.4,37.9 - 48.4,38.4-46.8,25
Symptoms of Anxiety Disorder or Depressive Disorder,By State,Florida,Florida,8,6/18/2020,39.7,36.4,43.1,36.4 - 43.1,38.4-46.8,25
Symptoms of Anxiety Disorder or Depressive Disorder,By State,Georgia,Georgia,8,6/18/2020,36.3,31.8,41.0,31.8 - 41.0,34.5-38.3,25
Symptoms of Anxiety Disorder or Depressive Disorder,By State,Hawaii,Hawaii,8,6/18/2020,29.4,25.4,33.6,25.4 - 33.6,24.6-31.7,25
Symptoms of Anxiety Disorder or Depressive Disorder,By State,Idaho,Idaho,8,6/18/2020,31.7,27.7,36.0,27.7 - 36.0,24.6-31.7,25
Symptoms of Anxiety Disorder or Depressive Disorder,By State,Illinois,Illinois,8,6/18/2020,34.2,30.8,37.7,30.8 - 37.7,31.8-34.4,25
Symptoms of Anxiety Disorder or Depressive Disorder,By State,Indiana,Indiana,8,6/18/2020,35.9,31.6,40.4,31.6 - 40.4,34.5-38.3,25
Symptoms of Anxiety Disorder or Depressive Disorder,By State,Iowa,Iowa,8,6/18/2020,37.4,33.0,41.9,33.0 - 41.9,34.5-38.3,25
Symptoms of Anxiety Disorder or Depressive Disorder,By State,Kansas,Kansas,8,6/18/2020,32.9,27.6,38.5,27.6 - 38.5,31.8-34.4,25
Symptoms of Anxiety Disorder or Depressive Disorder,By State,Kentucky,Kentucky,8,6/18/2020,38.3,33.1,43.7,33.1 - 43.7,34.5-38.3,25
Symptoms of Anxiety Disorder or Depressive Disorder,By State,Louisiana,Louisiana,8,6/18/2020,46.8,41.5,52.2,41.5 - 52.2,38.4-46.8,25
Symptoms of Anxiety Disorder or Depressive Disorder,By State,Maine,Maine,8,6/18/2020,28.7,23.8,34.0,23.8 - 34.0,24.6-31.7,25
Symptoms of Anxiety Disorder or Depressive Disorder,By State,Maryland,Maryland,8,6/18/2020,33.3,29.9,36.8,29.9 - 36.8,31.8-34.4,25
Symptoms of Anxiety Disorder or Depressive Disorder,By State,Massachusetts,Massachusetts,8,6/18/2020,33.7,29.6,38.0,29.6 - 38.0,31.8-34.4,25
Symptoms of Anxiety Disorder or Depressive Disorder,By State,Michigan,Michigan,8,6/18/2020,31.9,29.2,34.7,29.2 - 34.7,31.8-34.4,25
Symptoms of Anxiety Disorder or Depressive Disorder,By State,Minnesota,Minnesota,8,6/18/2020,30.6,26.2,35.4,26.2 - 35.4,24.6-31.7,25
Symptoms of Anxiety Disorder or Depressive Disorder,By State,Mississippi,Mississippi,8,6/18/2020,37.6,31.8,43.6,31.8 - 43.6,34.5-38.3,25
Symptoms of Anxiety Disorder or Depressive Disorder,By State,Missouri,Missouri,8,6/18/2020,32.9,27.8,38.2,27.8 - 38.2,31.8-34.4,25
Symptoms of Anxiety Disorder or Depressive Disorder,By State,Montana,Montana,8,6/18/2020,30.9,26.9,35.1,26.9 - 35.1,24.6-31.7,25
Symptoms of Anxiety Disorder or Depressive Disorder,By State,Nebraska,Nebraska,8,6/18/2020,31.2,26.7,35.9,26.7 - 35.9,24.6-31.7,25
Symptoms of Anxiety Disorder or Depressive Disorder,By State,Nevada,Nevada,8,6/18/2020,45.6,41.6,49.6,41.6 - 49.6,38.4-46.8,25
Symptoms of Anxiety Disorder or Depressive Disorder,By State,New Hampshire,New Hampshire,8,6/18/2020,34.4,28.2,40.9,28.2 - 40.9,31.8-34.4,25
Symptoms of Anxiety Disorder or Depressive Disorder,By State,New Jersey,New Jersey,8,6/18/2020,34.1,29.6,38.8,29.6 - 38.8,31.8-34.4,25
Symptoms of Anxiety Disorder or Depressive Disorder,By State,New Mexico,New Mexico,8,6/18/2020,42.5,37.7,47.4,37.7 - 47.4,38.4-46.8,25
Symptoms of Anxiety Disorder or Depressive Disorder,By State,New York,New York,8,6/18/2020,32.9,29.4,36.7,29.4 - 36.7,31.8-34.4,25
Symptoms of Anxiety Disorder or Depressive Disorder,By State,North Carolina,North Carolina,8,6/18/2020,34.1,30.2,38.3,30.2 - 38.3,31.8-34.4,25
Symptoms of Anxiety Disorder or Depressive Disorder,By State,North Dakota,North Dakota,8,6/18/2020,33.0,27.2,39.2,27.2 - 39.2,31.8-34.4,25
Symptoms of Anxiety Disorder or Depressive Disorder,By State,Ohio,Ohio,8,6/18/2020,31.6,28.2,35.1,28.2 - 35.1,24.6-31.7,25
Symptoms of Anxiety Disorder or Depressive Disorder,By State,Oklahoma,Oklahoma,8,6/18/2020,44.5,39.2,49.8,39.2 - 49.8,38.4-46.8,25
Symptoms of Anxiety Disorder or Depressive Disorder,By State,Oregon,Oregon,8,6/18/2020,42.4,38.3,46.6,38.3 - 46.6,38.4-46.8,25
Symptoms of Anxiety Disorder or Depressive Disorder,By State,Pennsylvania,Pennsylvania,8,6/18/2020,39.8,36.1,43.5,36.1 - 43.5,38.4-46.8,25
Symptoms of Anxiety Disorder or Depressive Disorder,By State,Rhode Island,Rhode Island,8,6/18/2020,32.9,29.1,36.8,29.1 - 36.8,31.8-34.4,25
Symptoms of Anxiety Disorder or Depressive Disorder,By State,South Carolina,South Carolina,8,6/18/2020,34.4,29.5,39.6,29.5 - 39.6,31.8-34.4,25
Symptoms of Anxiety Disorder or Depressive Disorder,By State,South Dakota,South Dakota,8,6/18/2020,31.0,25.1,37.4,25.1 - 37.4,24.6-31.7,25
Symptoms of Anxiety Disorder or Depressive Disorder,By State,Tennessee,Tennessee,8,6/18/2020,36.6,31.5,42.0,31.5 - 42.0,34.5-38.3,25
Symptoms of Anxiety Disorder or Depressive Disorder,By State,Texas,Texas,8,6/18/2020,36.2,32.9,39.6,32.9 - 39.6,34.5-38.3,25
Symptoms of Anxiety Disorder or Depressive Disorder,By State,Utah,Utah,8,6/18/2020,37.2,33.0,41.6,33.0 - 41.6,34.5-38.3,25
Symptoms of Anxiety Disorder or Depressive Disorder,By State,Vermont,Vermont,8,6/18/2020,27.9,22.1,34.3,22.1 - 34.3,24.6-31.7,25
Symptoms of Anxiety Disorder or Depressive Disorder,By State,Virginia,Virginia,8,6/18/2020,36.9,32.5,41.4,32.5 - 41.4,34.5-38.3,25
Symptoms of Anxiety Disorder or Depressive Disorder,By State,Washington,Washington,8,6/18/2020,34.7,31.3,38.2,31.3 - 38.2,34.5-38.3,25
Symptoms of Anxiety Disorder or Depressive Disorder,By State,West Virginia,West Virginia,8,6/18/2020,38.4,31.8,45.3,31.8 - 45.3,38.4-46.8,25
Symptoms of Anxiety Disorder or Depressive Disorder,By State,Wisconsin,Wisconsin,8,6/18/2020,24.6,20.7,28.8,20.7 - 28.8,24.6-31.7,25
Symptoms of Anxiety Disorder or Depressive Disorder,By State,Wyoming,Wyoming,8,6/18/2020,28.4,23.4,33.8,23.4 - 33.8,24.6-31.7,25
Symptoms of Anxiety Disorder or Depressive Disorder,By State,Alabama,Alabama,9,6/25/2020,35.9,31.1,41.0,31.1 - 41.0,34.1-35.9,26
Symptoms of Anxiety Disorder or Depressive Disorder,By State,Alaska,Alaska,9,6/25/2020,35.3,31.1,39.6,31.1 - 39.6,34.1-35.9,26
Symptoms of Anxiety Disorder or Depressive Disorder,By State,Arizona,Arizona,9,6/25/2020,44.1,40.4,47.9,40.4 - 47.9,39.5-45.1,26
Symptoms of Anxiety Disorder or Depressive Disorder,By State,Arkansas,Arkansas,9,6/25/2020,37.4,33.4,41.5,33.4 - 41.5,36.0-39.4,26
Symptoms of Anxiety Disorder or Depressive Disorder,By State,California,California,9,6/25/2020,38.1,35.6,40.7,35.6 - 40.7,36.0-39.4,26
Symptoms of Anxiety Disorder or Depressive Disorder,By State,Colorado,Colorado,9,6/25/2020,37.3,32.9,41.9,32.9 - 41.9,36.0-39.4,26
Symptoms of Anxiety Disorder or Depressive Disorder,By State,Connecticut,Connecticut,9,6/25/2020,35.3,31.0,39.9,31.0 - 39.9,34.1-35.9,26
Symptoms of Anxiety Disorder or Depressive Disorder,By State,Delaware,Delaware,9,6/25/2020,33.2,28.1,38.7,28.1 - 38.7,29.2-34.0,26
Symptoms of Anxiety Disorder or Depressive Disorder,By State,District of Columbia,District of Columbia,9,6/25/2020,39.4,33.5,45.6,33.5 - 45.6,36.0-39.4,26
Symptoms of Anxiety Disorder or Depressive Disorder,By State,Florida,Florida,9,6/25/2020,43.8,40.4,47.2,40.4 - 47.2,39.5-45.1,26
Symptoms of Anxiety Disorder or Depressive Disorder,By State,Georgia,Georgia,9,6/25/2020,40.9,36.4,45.5,36.4 - 45.5,39.5-45.1,26
Symptoms of Anxiety Disorder or Depressive Disorder,By State,Hawaii,Hawaii,9,6/25/2020,38.3,32.4,44.5,32.4 - 44.5,36.0-39.4,26
Symptoms of Anxiety Disorder or Depressive Disorder,By State,Idaho,Idaho,9,6/25/2020,40.7,36.7,44.9,36.7 - 44.9,39.5-45.1,26
Symptoms of Anxiety Disorder or Depressive Disorder,By State,Illinois,Illinois,9,6/25/2020,39.6,35.0,44.3,35.0 - 44.3,39.5-45.1,26
Symptoms of Anxiety Disorder or Depressive Disorder,By State,Indiana,Indiana,9,6/25/2020,38.1,34.5,41.9,34.5 - 41.9,36.0-39.4,26
Symptoms of Anxiety Disorder or Depressive Disorder,By State,Iowa,Iowa,9,6/25/2020,34.3,29.8,38.9,29.8 - 38.9,34.1-35.9,26
Symptoms of Anxiety Disorder or Depressive Disorder,By State,Kansas,Kansas,9,6/25/2020,31.4,27.2,35.9,27.2 - 35.9,29.2-34.0,26
Symptoms of Anxiety Disorder or Depressive Disorder,By State,Kentucky,Kentucky,9,6/25/2020,38.5,33.9,43.4,33.9 - 43.4,36.0-39.4,26
Symptoms of Anxiety Disorder or Depressive Disorder,By State,Louisiana,Louisiana,9,6/25/2020,44.9,39.2,50.7,39.2 - 50.7,39.5-45.1,26
Symptoms of Anxiety Disorder or Depressive Disorder,By State,Maine,Maine,9,6/25/2020,35.6,30.5,40.9,30.5 - 40.9,34.1-35.9,26
Symptoms of Anxiety Disorder or Depressive Disorder,By State,Maryland,Maryland,9,6/25/2020,33.6,29.8,37.6,29.8 - 37.6,29.2-34.0,26
Symptoms of Anxiety Disorder or Depressive Disorder,By State,Massachusetts,Massachusetts,9,6/25/2020,34.5,31.1,38.0,31.1 - 38.0,34.1-35.9,26
Symptoms of Anxiety Disorder or Depressive Disorder,By State,Michigan,Michigan,9,6/25/2020,34.8,31.1,38.7,31.1 - 38.7,34.1-35.9,26
Symptoms of Anxiety Disorder or Depressive Disorder,By State,Minnesota,Minnesota,9,6/25/2020,29.9,25.2,35.0,25.2 - 35.0,29.2-34.0,26
Symptoms of Anxiety Disorder or Depressive Disorder,By State,Mississippi,Mississippi,9,6/25/2020,42.1,36.4,48.0,36.4 - 48.0,39.5-45.1,26
Symptoms of Anxiety Disorder or Depressive Disorder,By State,Missouri,Missouri,9,6/25/2020,35.8,32.4,39.4,32.4 - 39.4,34.1-35.9,26
Symptoms of Anxiety Disorder or Depressive Disorder,By State,Montana,Montana,9,6/25/2020,30.6,25.9,35.5,25.9 - 35.5,29.2-34.0,26
Symptoms of Anxiety Disorder or Depressive Disorder,By State,Nebraska,Nebraska,9,6/25/2020,30.5,25.5,35.8,25.5 - 35.8,29.2-34.0,26
Symptoms of Anxiety Disorder or Depressive Disorder,By State,Nevada,Nevada,9,6/25/2020,39.1,35.0,43.2,35.0 - 43.2,36.0-39.4,26
Symptoms of Anxiety Disorder or Depressive Disorder,By State,New Hampshire,New Hampshire,9,6/25/2020,32.4,27.7,37.4,27.7 - 37.4,29.2-34.0,26
Symptoms of Anxiety Disorder or Depressive Disorder,By State,New Jersey,New Jersey,9,6/25/2020,33.9,29.9,38.0,29.9 - 38.0,29.2-34.0,26
Symptoms of Anxiety Disorder or Depressive Disorder,By State,New Mexico,New Mexico,9,6/25/2020,39.1,33.9,44.5,33.9 - 44.5,36.0-39.4,26
Symptoms of Anxiety Disorder or Depressive Disorder,By State,New York,New York,9,6/25/2020,34.3,30.5,38.3,30.5 - 38.3,34.1-35.9,26
Symptoms of Anxiety Disorder or Depressive Disorder,By State,North Carolina,North Carolina,9,6/25/2020,33.4,29.2,37.9,29.2 - 37.9,29.2-34.0,26
Symptoms of Anxiety Disorder or Depressive Disorder,By State,North Dakota,North Dakota,9,6/25/2020,34.0,27.9,40.5,27.9 - 40.5,29.2-34.0,26
Symptoms of Anxiety Disorder or Depressive Disorder,By State,Ohio,Ohio,9,6/25/2020,34.6,30.3,39.2,30.3 - 39.2,34.1-35.9,26
Symptoms of Anxiety Disorder or Depressive Disorder,By State,Oklahoma,Oklahoma,9,6/25/2020,43.0,37.7,48.3,37.7 - 48.3,39.5-45.1,26
Symptoms of Anxiety Disorder or Depressive Disorder,By State,Oregon,Oregon,9,6/25/2020,38.9,35.3,42.7,35.3 - 42.7,36.0-39.4,26
Symptoms of Anxiety Disorder or Depressive Disorder,By State,Pennsylvania,Pennsylvania,9,6/25/2020,37.5,33.3,41.9,33.3 - 41.9,36.0-39.4,26
Symptoms of Anxiety Disorder or Depressive Disorder,By State,Rhode Island,Rhode Island,9,6/25/2020,35.2,30.8,39.8,30.8 - 39.8,34.1-35.9,26
Symptoms of Anxiety Disorder or Depressive Disorder,By State,South Carolina,South Carolina,9,6/25/2020,39.4,35.1,43.9,35.1 - 43.9,36.0-39.4,26
Symptoms of Anxiety Disorder or Depressive Disorder,By State,South Dakota,South Dakota,9,6/25/2020,35.0,28.3,42.1,28.3 - 42.1,34.1-35.9,26
Symptoms of Anxiety Disorder or Depressive Disorder,By State,Tennessee,Tennessee,9,6/25/2020,42.4,37.0,48.0,37.0 - 48.0,39.5-45.1,26
Symptoms of Anxiety Disorder or Depressive Disorder,By State,Texas,Texas,9,6/25/2020,40.7,38.2,43.2,38.2 - 43.2,39.5-45.1,26
Symptoms of Anxiety Disorder or Depressive Disorder,By State,Utah,Utah,9,6/25/2020,36.7,33.0,40.5,33.0 - 40.5,36.0-39.4,26
Symptoms of Anxiety Disorder or Depressive Disorder,By State,Vermont,Vermont,9,6/25/2020,32.8,26.8,39.4,26.8 - 39.4,29.2-34.0,26
Symptoms of Anxiety Disorder or Depressive Disorder,By State,Virginia,Virginia,9,6/25/2020,33.1,29.6,36.6,29.6 - 36.6,29.2-34.0,26
Symptoms of Anxiety Disorder or Depressive Disorder,By State,Washington,Washington,9,6/25/2020,42.0,38.1,46.0,38.1 - 46.0,39.5-45.1,26
Symptoms of Anxiety Disorder or Depressive Disorder,By State,West Virginia,West Virginia,9,6/25/2020,45.1,39.3,51.0,39.3 - 51.0,39.5-45.1,26
Symptoms of Anxiety Disorder or Depressive Disorder,By State,Wisconsin,Wisconsin,9,6/25/2020,29.2,24.0,34.8,24.0 - 34.8,29.2-34.0,26
Symptoms of Anxiety Disorder or Depressive Disorder,By State,Wyoming,Wyoming,9,6/25/2020,34.2,29.5,39.1,29.5 - 39.1,34.1-35.9,26
Symptoms of Anxiety Disorder or Depressive Disorder,By State,Alabama,Alabama,10,7/2/2020,39.6,36.0,43.3,36.0 - 43.3,38.1-40.6,27
Symptoms of Anxiety Disorder or Depressive Disorder,By State,Alaska,Alaska,10,7/2/2020,32.9,28.4,37.7,28.4 - 37.7,30.9-34.8,27
Symptoms of Anxiety Disorder or Depressive Disorder,By State,Arizona,Arizona,10,7/2/2020,42.4,38.0,46.8,38.0 - 46.8,40.7-44.8,27
Symptoms of Anxiety Disorder or Depressive Disorder,By State,Arkansas,Arkansas,10,7/2/2020,41.2,36.5,45.9,36.5 - 45.9,40.7-44.8,27
Symptoms of Anxiety Disorder or Depressive Disorder,By State,California,California,10,7/2/2020,39.4,36.8,42.0,36.8 - 42.0,38.1-40.6,27
Symptoms of Anxiety Disorder or Depressive Disorder,By State,Colorado,Colorado,10,7/2/2020,42.4,38.1,46.7,38.1 - 46.7,40.7-44.8,27
Symptoms of Anxiety Disorder or Depressive Disorder,By State,Connecticut,Connecticut,10,7/2/2020,39.0,34.3,43.8,34.3 - 43.8,38.1-40.6,27
Symptoms of Anxiety Disorder or Depressive Disorder,By State,Delaware,Delaware,10,7/2/2020,31.5,27.1,36.1,27.1 - 36.1,30.9-34.8,27
Symptoms of Anxiety Disorder or Depressive Disorder,By State,District of Columbia,District of Columbia,10,7/2/2020,37.8,30.8,45.1,30.8 - 45.1,34.9-38.0,27
Symptoms of Anxiety Disorder or Depressive Disorder,By State,Florida,Florida,10,7/2/2020,42.0,38.6,45.6,38.6 - 45.6,40.7-44.8,27
Symptoms of Anxiety Disorder or Depressive Disorder,By State,Georgia,Georgia,10,7/2/2020,38.0,33.4,42.7,33.4 - 42.7,34.9-38.0,27
Symptoms of Anxiety Disorder or Depressive Disorder,By State,Hawaii,Hawaii,10,7/2/2020,37.1,32.3,42.2,32.3 - 42.2,34.9-38.0,27
Symptoms of Anxiety Disorder or Depressive Disorder,By State,Idaho,Idaho,10,7/2/2020,37.7,32.8,42.9,32.8 - 42.9,34.9-38.0,27
Symptoms of Anxiety Disorder or Depressive Disorder,By State,Illinois,Illinois,10,7/2/2020,39.4,35.2,43.8,35.2 - 43.8,38.1-40.6,27
Symptoms of Anxiety Disorder or Depressive Disorder,By State,Indiana,Indiana,10,7/2/2020,39.0,35.1,43.1,35.1 - 43.1,38.1-40.6,27
Symptoms of Anxiety Disorder or Depressive Disorder,By State,Iowa,Iowa,10,7/2/2020,31.6,27.4,36.1,27.4 - 36.1,30.9-34.8,27
Symptoms of Anxiety Disorder or Depressive Disorder,By State,Kansas,Kansas,10,7/2/2020,35.8,31.5,40.2,31.5 - 40.2,34.9-38.0,27
Symptoms of Anxiety Disorder or Depressive Disorder,By State,Kentucky,Kentucky,10,7/2/2020,39.9,34.5,45.5,34.5 - 45.5,38.1-40.6,27
Symptoms of Anxiety Disorder or Depressive Disorder,By State,Louisiana,Louisiana,10,7/2/2020,44.8,40.2,49.5,40.2 - 49.5,40.7-44.8,27
Symptoms of Anxiety Disorder or Depressive Disorder,By State,Maine,Maine,10,7/2/2020,36.3,32.3,40.4,32.3 - 40.4,34.9-38.0,27
Symptoms of Anxiety Disorder or Depressive Disorder,By State,Maryland,Maryland,10,7/2/2020,36.1,31.8,40.5,31.8 - 40.5,34.9-38.0,27
Symptoms of Anxiety Disorder or Depressive Disorder,By State,Massachusetts,Massachusetts,10,7/2/2020,33.4,29.4,37.5,29.4 - 37.5,30.9-34.8,27
Symptoms of Anxiety Disorder or Depressive Disorder,By State,Michigan,Michigan,10,7/2/2020,36.7,32.2,41.2,32.2 - 41.2,34.9-38.0,27
Symptoms of Anxiety Disorder or Depressive Disorder,By State,Minnesota,Minnesota,10,7/2/2020,31.1,27.2,35.1,27.2 - 35.1,30.9-34.8,27
Symptoms of Anxiety Disorder or Depressive Disorder,By State,Mississippi,Mississippi,10,7/2/2020,43.7,39.3,48.2,39.3 - 48.2,40.7-44.8,27
Symptoms of Anxiety Disorder or Depressive Disorder,By State,Missouri,Missouri,10,7/2/2020,40.6,35.6,45.8,35.6 - 45.8,38.1-40.6,27
Symptoms of Anxiety Disorder or Depressive Disorder,By State,Montana,Montana,10,7/2/2020,34.3,30.4,38.3,30.4 - 38.3,30.9-34.8,27
Symptoms of Anxiety Disorder or Depressive Disorder,By State,Nebraska,Nebraska,10,7/2/2020,30.9,26.1,35.9,26.1 - 35.9,30.9-34.8,27
Symptoms of Anxiety Disorder or Depressive Disorder,By State,Nevada,Nevada,10,7/2/2020,44.8,39.9,49.7,39.9 - 49.7,40.7-44.8,27
Symptoms of Anxiety Disorder or Depressive Disorder,By State,New Hampshire,New Hampshire,10,7/2/2020,35.7,30.6,41.1,30.6 - 41.1,34.9-38.0,27
Symptoms of Anxiety Disorder or Depressive Disorder,By State,New Jersey,New Jersey,10,7/2/2020,38.2,34.1,42.4,34.1 - 42.4,38.1-40.6,27
Symptoms of Anxiety Disorder or Depressive Disorder,By State,New Mexico,New Mexico,10,7/2/2020,43.3,39.0,47.6,39.0 - 47.6,40.7-44.8,27
Symptoms of Anxiety Disorder or Depressive Disorder,By State,New York,New York,10,7/2/2020,39.7,35.4,44.0,35.4 - 44.0,38.1-40.6,27
Symptoms of Anxiety Disorder or Depressive Disorder,By State,North Carolina,North Carolina,10,7/2/2020,38.4,34.1,42.8,34.1 - 42.8,38.1-40.6,27
Symptoms of Anxiety Disorder or Depressive Disorder,By State,North Dakota,North Dakota,10,7/2/2020,32.6,26.7,39.0,26.7 - 39.0,30.9-34.8,27
Symptoms of Anxiety Disorder or Depressive Disorder,By State,Ohio,Ohio,10,7/2/2020,34.9,29.9,40.1,29.9 - 40.1,34.9-38.0,27
Symptoms of Anxiety Disorder or Depressive Disorder,By State,Oklahoma,Oklahoma,10,7/2/2020,42.9,38.1,47.7,38.1 - 47.7,40.7-44.8,27
Symptoms of Anxiety Disorder or Depressive Disorder,By State,Oregon,Oregon,10,7/2/2020,39.7,35.8,43.8,35.8 - 43.8,38.1-40.6,27
Symptoms of Anxiety Disorder or Depressive Disorder,By State,Pennsylvania,Pennsylvania,10,7/2/2020,37.2,32.3,42.3,32.3 - 42.3,34.9-38.0,27
Symptoms of Anxiety Disorder or Depressive Disorder,By State,Rhode Island,Rhode Island,10,7/2/2020,34.8,29.0,40.8,29.0 - 40.8,30.9-34.8,27
Symptoms of Anxiety Disorder or Depressive Disorder,By State,South Carolina,South Carolina,10,7/2/2020,38.6,33.7,43.6,33.7 - 43.6,38.1-40.6,27
Symptoms of Anxiety Disorder or Depressive Disorder,By State,South Dakota,South Dakota,10,7/2/2020,35.2,28.5,42.4,28.5 - 42.4,34.9-38.0,27
Symptoms of Anxiety Disorder or Depressive Disorder,By State,Tennessee,Tennessee,10,7/2/2020,41.9,37.7,46.1,37.7 - 46.1,40.7-44.8,27
Symptoms of Anxiety Disorder or Depressive Disorder,By State,Texas,Texas,10,7/2/2020,41.6,38.8,44.4,38.8 - 44.4,40.7-44.8,27
Symptoms of Anxiety Disorder or Depressive Disorder,By State,Utah,Utah,10,7/2/2020,34.7,30.2,39.5,30.2 - 39.5,30.9-34.8,27
Symptoms of Anxiety Disorder or Depressive Disorder,By State,Vermont,Vermont,10,7/2/2020,32.2,25.4,39.6,25.4 - 39.6,30.9-34.8,27
Symptoms of Anxiety Disorder or Depressive Disorder,By State,Virginia,Virginia,10,7/2/2020,38.5,34.1,43.0,34.1 - 43.0,38.1-40.6,27
Symptoms of Anxiety Disorder or Depressive Disorder,By State,Washington,Washington,10,7/2/2020,42.0,38.9,45.1,38.9 - 45.1,40.7-44.8,27
Symptoms of Anxiety Disorder or Depressive Disorder,By State,West Virginia,West Virginia,10,7/2/2020,34.6,29.1,40.5,29.1 - 40.5,30.9-34.8,27
Symptoms of Anxiety Disorder or Depressive Disorder,By State,Wisconsin,Wisconsin,10,7/2/2020,34.1,29.4,39.1,29.4 - 39.1,30.9-34.8,27
Symptoms of Anxiety Disorder or Depressive Disorder,By State,Wyoming,Wyoming,10,7/2/2020,36.0,30.9,41.4,30.9 - 41.4,34.9-38.0,27
Symptoms of Anxiety Disorder or Depressive Disorder,By State,Alabama,Alabama,11,7/9/2020,40.1,35.3,45.0,35.3 - 45.0,38.4-42.0,28
Symptoms of Anxiety Disorder or Depressive Disorder,By State,Alaska,Alaska,11,7/9/2020,39.6,34.1,45.3,34.1 - 45.3,38.4-42.0,28
Symptoms of Anxiety Disorder or Depressive Disorder,By State,Arizona,Arizona,11,7/9/2020,44.2,39.6,48.8,39.6 - 48.8,42.1-46.5,28
Symptoms of Anxiety Disorder or Depressive Disorder,By State,Arkansas,Arkansas,11,7/9/2020,45.1,40.2,50.2,40.2 - 50.2,42.1-46.5,28
Symptoms of Anxiety Disorder or Depressive Disorder,By State,California,California,11,7/9/2020,44.5,40.9,48.2,40.9 - 48.2,42.1-46.5,28
Symptoms of Anxiety Disorder or Depressive Disorder,By State,Colorado,Colorado,11,7/9/2020,39.2,34.0,44.6,34.0 - 44.6,38.4-42.0,28
Symptoms of Anxiety Disorder or Depressive Disorder,By State,Connecticut,Connecticut,11,7/9/2020,35.7,31.6,40.0,31.6 - 40.0,34.8-38.3,28
Symptoms of Anxiety Disorder or Depressive Disorder,By State,Delaware,Delaware,11,7/9/2020,34.4,30.0,39.0,30.0 - 39.0,28.0-34.7,28
Symptoms of Anxiety Disorder or Depressive Disorder,By State,District of Columbia,District of Columbia,11,7/9/2020,28.0,20.9,36.0,20.9 - 36.0,28.0-34.7,28
Symptoms of Anxiety Disorder or Depressive Disorder,By State,Florida,Florida,11,7/9/2020,43.6,40.0,47.3,40.0 - 47.3,42.1-46.5,28
Symptoms of Anxiety Disorder or Depressive Disorder,By State,Georgia,Georgia,11,7/9/2020,43.6,38.1,49.3,38.1 - 49.3,42.1-46.5,28
Symptoms of Anxiety Disorder or Depressive Disorder,By State,Hawaii,Hawaii,11,7/9/2020,36.7,31.5,42.1,31.5 - 42.1,34.8-38.3,28
Symptoms of Anxiety Disorder or Depressive Disorder,By State,Idaho,Idaho,11,7/9/2020,37.3,33.6,41.1,33.6 - 41.1,34.8-38.3,28
Symptoms of Anxiety Disorder or Depressive Disorder,By State,Illinois,Illinois,11,7/9/2020,34.0,29.3,38.9,29.3 - 38.9,28.0-34.7,28
Symptoms of Anxiety Disorder or Depressive Disorder,By State,Indiana,Indiana,11,7/9/2020,40.7,36.9,44.6,36.9 - 44.6,38.4-42.0,28
Symptoms of Anxiety Disorder or Depressive Disorder,By State,Iowa,Iowa,11,7/9/2020,28.9,25.0,33.0,25.0 - 33.0,28.0-34.7,28
Symptoms of Anxiety Disorder or Depressive Disorder,By State,Kansas,Kansas,11,7/9/2020,35.2,30.0,40.7,30.0 - 40.7,34.8-38.3,28
Symptoms of Anxiety Disorder or Depressive Disorder,By State,Kentucky,Kentucky,11,7/9/2020,42.2,38.0,46.5,38.0 - 46.5,42.1-46.5,28
Symptoms of Anxiety Disorder or Depressive Disorder,By State,Louisiana,Louisiana,11,7/9/2020,45.4,40.7,50.2,40.7 - 50.2,42.1-46.5,28
Symptoms of Anxiety Disorder or Depressive Disorder,By State,Maine,Maine,11,7/9/2020,33.0,27.9,38.5,27.9 - 38.5,28.0-34.7,28
Symptoms of Anxiety Disorder or Depressive Disorder,By State,Maryland,Maryland,11,7/9/2020,33.6,30.2,37.1,30.2 - 37.1,28.0-34.7,28
Symptoms of Anxiety Disorder or Depressive Disorder,By State,Massachusetts,Massachusetts,11,7/9/2020,38.2,33.5,43.0,33.5 - 43.0,34.8-38.3,28
Symptoms of Anxiety Disorder or Depressive Disorder,By State,Michigan,Michigan,11,7/9/2020,35.6,31.8,39.5,31.8 - 39.5,34.8-38.3,28
Symptoms of Anxiety Disorder or Depressive Disorder,By State,Minnesota,Minnesota,11,7/9/2020,31.5,27.5,35.8,27.5 - 35.8,28.0-34.7,28
Symptoms of Anxiety Disorder or Depressive Disorder,By State,Mississippi,Mississippi,11,7/9/2020,46.5,40.7,52.5,40.7 - 52.5,42.1-46.5,28
Symptoms of Anxiety Disorder or Depressive Disorder,By State,Missouri,Missouri,11,7/9/2020,38.7,34.2,43.4,34.2 - 43.4,38.4-42.0,28
Symptoms of Anxiety Disorder or Depressive Disorder,By State,Montana,Montana,11,7/9/2020,40.2,35.5,45.0,35.5 - 45.0,38.4-42.0,28
Symptoms of Anxiety Disorder or Depressive Disorder,By State,Nebraska,Nebraska,11,7/9/2020,34.1,29.6,38.9,29.6 - 38.9,28.0-34.7,28
Symptoms of Anxiety Disorder or Depressive Disorder,By State,Nevada,Nevada,11,7/9/2020,46.4,41.3,51.5,41.3 - 51.5,42.1-46.5,28
Symptoms of Anxiety Disorder or Depressive Disorder,By State,New Hampshire,New Hampshire,11,7/9/2020,35.1,29.9,40.6,29.9 - 40.6,34.8-38.3,28
Symptoms of Anxiety Disorder or Depressive Disorder,By State,New Jersey,New Jersey,11,7/9/2020,42.0,38.3,45.8,38.3 - 45.8,38.4-42.0,28
Symptoms of Anxiety Disorder or Depressive Disorder,By State,New Mexico,New Mexico,11,7/9/2020,41.7,36.6,47.0,36.6 - 47.0,38.4-42.0,28
Symptoms of Anxiety Disorder or Depressive Disorder,By State,New York,New York,11,7/9/2020,38.3,33.4,43.5,33.4 - 43.5,34.8-38.3,28
Symptoms of Anxiety Disorder or Depressive Disorder,By State,North Carolina,North Carolina,11,7/9/2020,38.3,33.2,43.7,33.2 - 43.7,34.8-38.3,28
Symptoms of Anxiety Disorder or Depressive Disorder,By State,North Dakota,North Dakota,11,7/9/2020,33.3,27.5,39.5,27.5 - 39.5,28.0-34.7,28
Symptoms of Anxiety Disorder or Depressive Disorder,By State,Ohio,Ohio,11,7/9/2020,34.8,30.4,39.4,30.4 - 39.4,34.8-38.3,28
Symptoms of Anxiety Disorder or Depressive Disorder,By State,Oklahoma,Oklahoma,11,7/9/2020,44.7,40.6,48.8,40.6 - 48.8,42.1-46.5,28
Symptoms of Anxiety Disorder or Depressive Disorder,By State,Oregon,Oregon,11,7/9/2020,43.9,39.9,48.0,39.9 - 48.0,42.1-46.5,28
Symptoms of Anxiety Disorder or Depressive Disorder,By State,Pennsylvania,Pennsylvania,11,7/9/2020,40.3,35.2,45.5,35.2 - 45.5,38.4-42.0,28
Symptoms of Anxiety Disorder or Depressive Disorder,By State,Rhode Island,Rhode Island,11,7/9/2020,42.0,35.4,48.7,35.4 - 48.7,38.4-42.0,28
Symptoms of Anxiety Disorder or Depressive Disorder,By State,South Carolina,South Carolina,11,7/9/2020,34.3,28.3,40.7,28.3 - 40.7,28.0-34.7,28
Symptoms of Anxiety Disorder or Depressive Disorder,By State,South Dakota,South Dakota,11,7/9/2020,34.7,28.7,41.1,28.7 - 41.1,28.0-34.7,28
Symptoms of Anxiety Disorder or Depressive Disorder,By State,Tennessee,Tennessee,11,7/9/2020,41.9,37.0,46.9,37.0 - 46.9,38.4-42.0,28
Symptoms of Anxiety Disorder or Depressive Disorder,By State,Texas,Texas,11,7/9/2020,45.9,41.9,49.9,41.9 - 49.9,42.1-46.5,28
Symptoms of Anxiety Disorder or Depressive Disorder,By State,Utah,Utah,11,7/9/2020,34.3,30.6,38.0,30.6 - 38.0,28.0-34.7,28
Symptoms of Anxiety Disorder or Depressive Disorder,By State,Vermont,Vermont,11,7/9/2020,35.4,28.7,42.5,28.7 - 42.5,34.8-38.3,28
Symptoms of Anxiety Disorder or Depressive Disorder,By State,Virginia,Virginia,11,7/9/2020,35.2,31.0,39.5,31.0 - 39.5,34.8-38.3,28
Symptoms of Anxiety Disorder or Depressive Disorder,By State,Washington,Washington,11,7/9/2020,40.5,36.4,44.6,36.4 - 44.6,38.4-42.0,28
Symptoms of Anxiety Disorder or Depressive Disorder,By State,West Virginia,West Virginia,11,7/9/2020,40.9,35.9,46.1,35.9 - 46.1,38.4-42.0,28
Symptoms of Anxiety Disorder or Depressive Disorder,By State,Wisconsin,Wisconsin,11,7/9/2020,36.6,32.0,41.3,32.0 - 41.3,34.8-38.3,28
Symptoms of Anxiety Disorder or Depressive Disorder,By State,Wyoming,Wyoming,11,7/9/2020,33.0,28.2,38.0,28.2 - 38.0,28.0-34.7,28
Symptoms of Anxiety Disorder or Depressive Disorder,By State,Alabama,Alabama,12,7/16/2020,43.3,38.6,48.0,38.6 - 48.0,40.6-43.5,29
Symptoms of Anxiety Disorder or Depressive Disorder,By State,Alaska,Alaska,12,7/16/2020,38.8,34.1,43.7,34.1 - 43.7,37.2-40.5,29
Symptoms of Anxiety Disorder or Depressive Disorder,By State,Arizona,Arizona,12,7/16/2020,44.9,40.5,49.4,40.5 - 49.4,43.6-50.2,29
Symptoms of Anxiety Disorder or Depressive Disorder,By State,Arkansas,Arkansas,12,7/16/2020,43.5,39.4,47.8,39.4 - 47.8,40.6-43.5,29
Symptoms of Anxiety Disorder or Depressive Disorder,By State,California,California,12,7/16/2020,44.1,41.2,47.1,41.2 - 47.1,43.6-50.2,29
Symptoms of Anxiety Disorder or Depressive Disorder,By State,Colorado,Colorado,12,7/16/2020,41.5,36.6,46.5,36.6 - 46.5,40.6-43.5,29
Symptoms of Anxiety Disorder or Depressive Disorder,By State,Connecticut,Connecticut,12,7/16/2020,35.1,30.3,40.2,30.3 - 40.2,31.8-37.1,29
Symptoms of Anxiety Disorder or Depressive Disorder,By State,Delaware,Delaware,12,7/16/2020,36.6,30.9,42.6,30.9 - 42.6,31.8-37.1,29
Symptoms of Anxiety Disorder or Depressive Disorder,By State,District of Columbia,District of Columbia,12,7/16/2020,36.1,29.1,43.7,29.1 - 43.7,31.8-37.1,29
Symptoms of Anxiety Disorder or Depressive Disorder,By State,Florida,Florida,12,7/16/2020,40.5,37.2,44.0,37.2 - 44.0,37.2-40.5,29
Symptoms of Anxiety Disorder or Depressive Disorder,By State,Georgia,Georgia,12,7/16/2020,40.0,35.3,44.8,35.3 - 44.8,37.2-40.5,29
Symptoms of Anxiety Disorder or Depressive Disorder,By State,Hawaii,Hawaii,12,7/16/2020,41.3,36.1,46.7,36.1 - 46.7,40.6-43.5,29
Symptoms of Anxiety Disorder or Depressive Disorder,By State,Idaho,Idaho,12,7/16/2020,45.5,41.0,50.2,41.0 - 50.2,43.6-50.2,29
Symptoms of Anxiety Disorder or Depressive Disorder,By State,Illinois,Illinois,12,7/16/2020,43.2,39.2,47.2,39.2 - 47.2,40.6-43.5,29
Symptoms of Anxiety Disorder or Depressive Disorder,By State,Indiana,Indiana,12,7/16/2020,42.0,37.4,46.8,37.4 - 46.8,40.6-43.5,29
Symptoms of Anxiety Disorder or Depressive Disorder,By State,Iowa,Iowa,12,7/16/2020,37.8,32.7,43.1,32.7 - 43.1,37.2-40.5,29
Symptoms of Anxiety Disorder or Depressive Disorder,By State,Kansas,Kansas,12,7/16/2020,39.9,35.5,44.4,35.5 - 44.4,37.2-40.5,29
Symptoms of Anxiety Disorder or Depressive Disorder,By State,Kentucky,Kentucky,12,7/16/2020,41.7,36.2,47.5,36.2 - 47.5,40.6-43.5,29
Symptoms of Anxiety Disorder or Depressive Disorder,By State,Louisiana,Louisiana,12,7/16/2020,43.1,37.9,48.5,37.9 - 48.5,40.6-43.5,29
Symptoms of Anxiety Disorder or Depressive Disorder,By State,Maine,Maine,12,7/16/2020,37.8,33.5,42.3,33.5 - 42.3,37.2-40.5,29
Symptoms of Anxiety Disorder or Depressive Disorder,By State,Maryland,Maryland,12,7/16/2020,39.3,35.1,43.6,35.1 - 43.6,37.2-40.5,29
Symptoms of Anxiety Disorder or Depressive Disorder,By State,Massachusetts,Massachusetts,12,7/16/2020,35.2,31.0,39.5,31.0 - 39.5,31.8-37.1,29
Symptoms of Anxiety Disorder or Depressive Disorder,By State,Michigan,Michigan,12,7/16/2020,40.7,35.7,45.7,35.7 - 45.7,40.6-43.5,29
Symptoms of Anxiety Disorder or Depressive Disorder,By State,Minnesota,Minnesota,12,7/16/2020,35.7,31.8,39.8,31.8 - 39.8,31.8-37.1,29
Symptoms of Anxiety Disorder or Depressive Disorder,By State,Mississippi,Mississippi,12,7/16/2020,48.0,42.6,53.5,42.6 - 53.5,43.6-50.2,29
Symptoms of Anxiety Disorder or Depressive Disorder,By State,Missouri,Missouri,12,7/16/2020,37.9,33.1,42.9,33.1 - 42.9,37.2-40.5,29
Symptoms of Anxiety Disorder or Depressive Disorder,By State,Montana,Montana,12,7/16/2020,36.0,30.3,42.1,30.3 - 42.1,31.8-37.1,29
Symptoms of Anxiety Disorder or Depressive Disorder,By State,Nebraska,Nebraska,12,7/16/2020,37.3,32.9,42.0,32.9 - 42.0,37.2-40.5,29
Symptoms of Anxiety Disorder or Depressive Disorder,By State,Nevada,Nevada,12,7/16/2020,46.8,42.0,51.6,42.0 - 51.6,43.6-50.2,29
Symptoms of Anxiety Disorder or Depressive Disorder,By State,New Hampshire,New Hampshire,12,7/16/2020,40.7,34.6,46.9,34.6 - 46.9,40.6-43.5,29
Symptoms of Anxiety Disorder or Depressive Disorder,By State,New Jersey,New Jersey,12,7/16/2020,37.6,31.9,43.6,31.9 - 43.6,37.2-40.5,29
Symptoms of Anxiety Disorder or Depressive Disorder,By State,New Mexico,New Mexico,12,7/16/2020,47.5,42.1,52.9,42.1 - 52.9,43.6-50.2,29
Symptoms of Anxiety Disorder or Depressive Disorder,By State,New York,New York,12,7/16/2020,41.1,36.0,46.4,36.0 - 46.4,40.6-43.5,29
Symptoms of Anxiety Disorder or Depressive Disorder,By State,North Carolina,North Carolina,12,7/16/2020,39.5,35.0,44.1,35.0 - 44.1,37.2-40.5,29
Symptoms of Anxiety Disorder or Depressive Disorder,By State,North Dakota,North Dakota,12,7/16/2020,33.8,26.4,41.8,26.4 - 41.8,31.8-37.1,29
Symptoms of Anxiety Disorder or Depressive Disorder,By State,Ohio,Ohio,12,7/16/2020,37.1,31.7,42.8,31.7 - 42.8,31.8-37.1,29
Symptoms of Anxiety Disorder or Depressive Disorder,By State,Oklahoma,Oklahoma,12,7/16/2020,44.1,39.2,49.0,39.2 - 49.0,43.6-50.2,29
Symptoms of Anxiety Disorder or Depressive Disorder,By State,Oregon,Oregon,12,7/16/2020,50.2,44.8,55.6,44.8 - 55.6,43.6-50.2,29
Symptoms of Anxiety Disorder or Depressive Disorder,By State,Pennsylvania,Pennsylvania,12,7/16/2020,31.8,27.9,35.8,27.9 - 35.8,31.8-37.1,29
Symptoms of Anxiety Disorder or Depressive Disorder,By State,Rhode Island,Rhode Island,12,7/16/2020,44.5,38.7,50.4,38.7 - 50.4,43.6-50.2,29
Symptoms of Anxiety Disorder or Depressive Disorder,By State,South Carolina,South Carolina,12,7/16/2020,42.3,37.3,47.4,37.3 - 47.4,40.6-43.5,29
Symptoms of Anxiety Disorder or Depressive Disorder,By State,South Dakota,South Dakota,12,7/16/2020,35.4,30.0,41.2,30.0 - 41.2,31.8-37.1,29
Symptoms of Anxiety Disorder or Depressive Disorder,By State,Tennessee,Tennessee,12,7/16/2020,43.6,38.1,49.3,38.1 - 49.3,43.6-50.2,29
Symptoms of Anxiety Disorder or Depressive Disorder,By State,Texas,Texas,12,7/16/2020,44.3,40.8,47.9,40.8 - 47.9,43.6-50.2,29
Symptoms of Anxiety Disorder or Depressive Disorder,By State,Utah,Utah,12,7/16/2020,37.8,33.6,42.1,33.6 - 42.1,37.2-40.5,29
Symptoms of Anxiety Disorder or Depressive Disorder,By State,Vermont,Vermont,12,7/16/2020,33.2,28.4,38.3,28.4 - 38.3,31.8-37.1,29
Symptoms of Anxiety Disorder or Depressive Disorder,By State,Virginia,Virginia,12,7/16/2020,38.3,34.0,42.7,34.0 - 42.7,37.2-40.5,29
Symptoms of Anxiety Disorder or Depressive Disorder,By State,Washington,Washington,12,7/16/2020,43.8,39.3,48.5,39.3 - 48.5,43.6-50.2,29
Symptoms of Anxiety Disorder or Depressive Disorder,By State,West Virginia,West Virginia,12,7/16/2020,37.0,31.4,42.8,31.4 - 42.8,31.8-37.1,29
Symptoms of Anxiety Disorder or Depressive Disorder,By State,Wisconsin,Wisconsin,12,7/16/2020,33.3,28.9,37.9,28.9 - 37.9,31.8-37.1,29
Symptoms of Anxiety Disorder or Depressive Disorder,By State,Wyoming,Wyoming,12,7/16/2020,41.3,34.9,47.9,34.9 - 47.9,40.6-43.5,29
